{
  "train_loss": [
    1.7640487906908748,
    1.6707060325025307,
    1.5752575903227835,
    1.4928146578647472,
    1.4301446313007111,
    1.3726887891589592,
    1.3437910713129975,
    1.3104405808529067,
    1.2770432959301303,
    1.253335462274776,
    1.2337964250383153,
    1.207401246534855,
    1.1894445987261506,
    1.18371730400657,
    1.16243220810537,
    1.1518564522266388,
    1.123221350639356,
    1.1011072472490446,
    1.1033005365217574,
    1.074974423606789,
    1.0698182007881125,
    1.0560783931000868,
    1.0502869972476252,
    1.019740362962087,
    1.0339898976814064,
    1.0100807052870793,
    1.0077083540785594,
    0.9810728461854787,
    0.9927533192666693,
    0.9739464206828011,
    0.9622650136951646,
    0.9556586917000588,
    0.941259685590211,
    0.9367637081880762,
    0.9344751686359496,
    0.9122936600185805,
    0.9022771005176936,
    0.9027352246772561,
    0.8771318708505694,
    0.886051568569559,
    0.8669233133495857,
    0.8555430082058666,
    0.860777290381165,
    0.8585100271786102,
    0.8591653330358191,
    0.8375992177913486,
    0.8301885502808022,
    0.8386231386902356,
    0.8211915482977022,
    0.8102609448962741,
    0.7981608104625535,
    0.8094559172387877,
    0.7919818019425428,
    0.7867247045842887,
    0.7656995845764173
  ],
  "train_acc": [
    23.199620972836385,
    31.89618867129922,
    38.90819119814698,
    43.072225731733,
    44.735733838702885,
    45.87807959570436,
    47.20467466835123,
    49.120867551063384,
    49.46304485154769,
    50.70014739945252,
    51.4634659928406,
    52.27942724784165,
    53.342809012423665,
    53.532322594230365,
    54.57991156032849,
    54.843124868393346,
    55.795957043588125,
    56.722467887976414,
    56.73826068646031,
    57.62265740155822,
    58.66498210149505,
    58.675510633817645,
    58.52811118130133,
    59.649399873657615,
    59.43882922720573,
    60.323225942303644,
    60.849652558433355,
    60.89176668772373,
    60.53379658875553,
    61.29185091598231,
    61.89197725837018,
    62.049905243209096,
    62.750052642661615,
    62.85007369972626,
    62.81848810275847,
    63.54495683301748,
    63.95556959359865,
    63.55022109917878,
    64.34512528953464,
    64.49778900821225,
    64.98736576121289,
    65.698041692988,
    65.3348073278585,
    65.59802063592335,
    65.82964834702042,
    66.50347441566646,
    66.34554643082754,
    66.79300905453779,
    67.01410823331227,
    67.47209938934513,
    67.74584122973258,
    67.50894925247421,
    67.77216256053906,
    67.96167614234575,
    68.88292272057275
  ],
  "val_loss": [
    1.7388844994090547,
    1.5914794366631733,
    1.6532472164038843,
    1.663154305227651,
    1.360054018113437,
    1.3705412425450831,
    1.3643250161369376,
    1.4202669842931248,
    1.2274983173248752,
    1.2828468736386138,
    1.3441737870241972,
    1.2150103617834564,
    1.1622696130867773,
    1.126157931433428,
    1.1817184014608395,
    1.1930830706685982,
    1.0791078165873584,
    1.158389395915422,
    1.153888912408944,
    1.1611739981094462,
    1.0530228330784996,
    1.0794239992263333,
    1.0505416749307774,
    1.0433274743540975,
    1.0641358208736318,
    0.9947637719595992,
    1.018974429408976,
    0.9973311040225445,
    0.9997831078983793,
    0.9872062938325357,
    1.0426026050676436,
    1.0039951567281813,
    0.9976951343901206,
    1.1040152995378378,
    0.9854901228975129,
    0.9912079710688367,
    1.072587990320769,
    1.0115973513398395,
    1.1237835792087068,
    1.0139529693046672,
    0.9996872112254969,
    0.962157239049873,
    1.0776066726086124,
    1.0654375195103203,
    1.0378113170998209,
    1.0092976287307356,
    0.9729358569887661,
    0.9858785801685896,
    1.0607336395538893,
    1.0531807861872167,
    1.0726907129255718,
    1.0408228665790302,
    1.0406043575514083,
    1.0277115608621763,
    1.1311279371280798
  ],
  "val_acc": [
    32.62426284751474,
    38.10025273799494,
    29.043807919123843,
    45.26116259477675,
    44.25021061499579,
    45.61920808761584,
    43.30244313395114,
    38.85846672283066,
    53.47514743049705,
    54.71777590564448,
    50.10530749789385,
    57.07666385846672,
    54.67565290648694,
    56.760741364785176,
    56.46588037068239,
    61.057287278854254,
    58.36141533277169,
    57.03454085930918,
    60.76242628475148,
    58.993260320134794,
    59.224936815501266,
    60.341196293176075,
    60.40438079191238,
    60.59393428812131,
    59.85678180286436,
    64.21651221566975,
    60.867733782645324,
    62.34203875315922,
    61.815501263689974,
    62.426284751474306,
    64.34288121314238,
    64.27969671440607,
    63.85846672283066,
    56.25526537489469,
    63.921651221566975,
    64.00589721988206,
    64.2586352148273,
    64.72198820556024,
    63.2055602358888,
    65.77506318449873,
    65.24852569502949,
    64.743049705139,
    66.30160067396798,
    66.17523167649537,
    67.20724515585509,
    65.98567818028644,
    66.61752316764954,
    64.72198820556024,
    66.44903117101937,
    65.73294018534119,
    66.95450716090986,
    66.7860151642797,
    62.17354675652906,
    65.88037068239258,
    66.04886267902275
  ],
  "lr": [
    0.0003,
    0.0003,
    0.0003,
    0.0003,
    0.0003,
    0.0003,
    0.0003,
    0.0003,
    0.0003,
    0.0003,
    0.0003,
    0.0003,
    0.0003,
    0.0003,
    0.0003,
    0.0003,
    0.0003,
    0.0003,
    0.0003,
    0.0003,
    0.0003,
    0.0003,
    0.0003,
    0.0003,
    0.0003,
    0.0003,
    0.0003,
    0.0003,
    0.0003,
    0.0003,
    0.0003,
    0.0003,
    0.0003,
    0.0003,
    0.0003,
    0.0003,
    0.0003,
    0.0003,
    0.0003,
    0.0003,
    0.0003,
    0.0003,
    0.0003,
    0.0003,
    0.0003,
    0.0003,
    0.0003,
    0.0003,
    0.0003,
    0.0003,
    0.0003,
    0.0003,
    0.0003,
    0.0003,
    0.0003
  ],
  "best_val_acc": 67.20724515585509,
  "version": "v1",
  "test_acc": 66.81244743481918,
  "test_loss": 0.8767655558323347
}