{
  "train_loss": [
    1.7932939816404272,
    1.7915400659997855,
    1.7903885060689264,
    1.7896638695238416,
    1.7894097377956917,
    1.788926240972397,
    1.7888074577456774,
    1.788879272913692,
    1.7881424988961783,
    1.7885500981350138,
    1.7876045278427175
  ],
  "train_acc": [
    19.430406401347653,
    24.505158980838072,
    30.332701621393976,
    30.385344283006948,
    30.385344283006948,
    30.385344283006948,
    30.385344283006948,
    30.385344283006948,
    30.385344283006948,
    30.385344283006948,
    30.385344283006948
  ],
  "val_loss": [
    1.7921246170197558,
    1.790662303866956,
    1.789540636459453,
    1.788895764606911,
    1.7884480617190368,
    1.7880370576909725,
    1.7877600553051738,
    1.7876667056307696,
    1.7875018943876229,
    1.7875067683674346,
    1.787371220204654
  ],
  "val_acc": [
    30.39174389216512,
    30.39174389216512,
    30.39174389216512,
    30.39174389216512,
    30.39174389216512,
    30.39174389216512,
    30.39174389216512,
    30.39174389216512,
    30.39174389216512,
    30.39174389216512,
    30.39174389216512
  ],
  "lr": [
    0.0003,
    0.0003,
    0.0003,
    0.0003,
    0.0003,
    0.0003,
    0.0003,
    0.0003,
    0.0003,
    0.0003,
    0.0003
  ],
  "best_val_acc": 30.39174389216512,
  "version": "v1",
  "test_acc": 29.840201850294363,
  "test_loss": 1.7856269985116937
}