{
  "train_loss": [
    1.8081319385864696,
    1.7860453324239762,
    1.7750386478470974,
    1.7723620480201283,
    1.7629733549766853,
    1.7533429079368466,
    1.738951215489966,
    1.7200659337590953,
    1.6856008670369134,
    1.6380417205271174,
    1.583524701536679,
    1.5226444660640153,
    1.4764889019434568,
    1.4148409928454728,
    1.3881068469070998,
    1.3565314690597723,
    1.3396084973069489,
    1.312733610633944,
    1.2846988258791752,
    1.2762866542964686,
    1.2639428882813843,
    1.2485430118490437,
    1.2317992866527838,
    1.2246347274936613,
    1.2038011753656825,
    1.2066646289141452,
    1.193102106940551,
    1.1818698336843585,
    1.1648813920920011,
    1.1664932419042118,
    1.1496647198180683,
    1.1521270187174688,
    1.1405971756235498,
    1.13154857104919,
    1.122509820295162,
    1.1324571302679718,
    1.1166410837017122,
    1.0663531315131265,
    1.0553042861770412,
    1.0437684479306957,
    1.0325537209139495,
    1.0361515647563777,
    1.0179139734780203,
    1.0046022324288477,
    1.0042849041399409,
    1.0053426298450252,
    0.9898160173267615,
    0.9538968479047056,
    0.9494617969774809,
    0.9520193120983781,
    0.9388905621942927,
    0.9327221424853216,
    0.9247357403157187,
    0.9165028177323888,
    0.9173043160164942,
    0.9131679366357991,
    0.9039447857219665,
    0.9008177785111255,
    0.8826289176940918,
    0.8678640376348965
  ],
  "train_acc": [
    45.185280164123604,
    47.95486600846262,
    48.044621105269904,
    47.685600718040774,
    48.301064239005,
    47.81382228490832,
    48.85241697653545,
    49.172970893704324,
    51.54506988075394,
    55.00705218617772,
    58.033081164251826,
    61.354019746121295,
    64.14924990383382,
    66.5341710475702,
    67.7266316194384,
    69.63713296576483,
    70.50903962046416,
    71.57327862546481,
    72.9324272342608,
    73.45813565841775,
    74.90703936402103,
    74.7147070137197,
    76.03538915245544,
    75.81741248878062,
    76.77907424028722,
    76.77907424028722,
    76.9842287472753,
    77.95871265546864,
    78.83061931016798,
    78.66393127324015,
    78.98448519040903,
    79.20246185408385,
    80.34363379920502,
    80.65136555968714,
    80.92063085010899,
    80.11283497884344,
    80.5487883061931,
    82.95935376330299,
    83.39530709065265,
    83.76714963456854,
    84.35696884215925,
    84.63905628926786,
    85.1647647134248,
    85.61354019746122,
    85.728939607642,
    85.67765098089498,
    86.25464803179895,
    88.19079369149891,
    88.11386075137838,
    88.37030388511347,
    88.5882805487883,
    88.66521348890883,
    88.97294524939095,
    89.89614053083729,
    89.33196563662008,
    89.56276445698167,
    89.6653417104757,
    90.21669444800615,
    91.05013463264521,
    91.79381972047699
  ],
  "val_loss": [
    1.7993909413697289,
    1.7530634129633669,
    1.7823132374247566,
    1.7605487538165734,
    1.733413565354269,
    1.7442054103632443,
    1.7099107269380913,
    1.6925131277959855,
    1.649697168928678,
    1.5699338600283763,
    1.5339217830876835,
    1.5413289246011952,
    1.4480220274847062,
    1.400532024805663,
    1.5401011216835898,
    1.323662130559077,
    1.3472775924401206,
    1.4539942780479056,
    1.2801176387755597,
    1.4707149892556863,
    1.2602079129609904,
    1.2303471213481465,
    1.270063379748923,
    1.2767983948598143,
    1.361857873494508,
    1.2411867653737303,
    1.1566307740133317,
    1.3469600521150182,
    1.3770486546344445,
    1.3729155923499436,
    1.183747202646537,
    1.3553235843533376,
    1.2067625845064882,
    1.4367029725528153,
    1.238038999135377,
    1.1852148448834654,
    1.241904679869042,
    1.0880250188170886,
    1.171986014139457,
    1.0777149708544622,
    1.0897331169394195,
    1.1593718479891293,
    1.0708926613213585,
    1.103550175174338,
    1.0879604992319325,
    1.1305680753754788,
    1.1320887911515158,
    1.0785781604344729,
    1.0542632927660083,
    1.119633285725703,
    1.0861546426522928,
    1.0639964772052453,
    1.062695101636355,
    1.0655405863386687,
    1.0603884663738188,
    1.0558908171341068,
    1.0695046782493591,
    1.091356821724626,
    1.050592228037412,
    1.0522153914951888
  ],
  "val_acc": [
    49.89733059548254,
    50.51334702258727,
    50.616016427104725,
    50.616016427104725,
    48.87063655030801,
    43.993839835728956,
    48.81930184804928,
    46.252566735112936,
    51.28336755646817,
    54.36344969199179,
    59.445585215605746,
    52.46406570841889,
    61.652977412731005,
    66.27310061601642,
    60.215605749486656,
    67.09445585215606,
    65.29774127310061,
    56.98151950718686,
    70.48254620123203,
    59.95893223819302,
    73.870636550308,
    76.33470225872689,
    70.84188911704312,
    72.43326488706366,
    65.55441478439425,
    74.38398357289527,
    78.54209445585215,
    62.474332648870636,
    61.96098562628337,
    62.114989733059545,
    79.41478439425052,
    64.93839835728953,
    75.66735112936345,
    67.14579055441479,
    78.02874743326488,
    74.84599589322382,
    76.33470225872689,
    81.16016427104722,
    75.66735112936345,
    80.69815195071868,
    82.34086242299794,
    76.18069815195072,
    81.3141683778234,
    79.82546201232033,
    80.28747433264887,
    77.51540041067761,
    75.41067761806981,
    80.85215605749487,
    82.54620123203286,
    78.85010266940452,
    81.00616016427105,
    83.72689938398358,
    82.90554414784394,
    82.28952772073922,
    81.72484599589322,
    83.36755646817248,
    82.80287474332648,
    79.41478439425052,
    82.64887063655031,
    84.34291581108829
  ],
  "lr": [
    0.0003,
    0.0003,
    0.0003,
    0.0003,
    0.0003,
    0.0003,
    0.0003,
    0.0003,
    0.0003,
    0.0003,
    0.0003,
    0.0003,
    0.0003,
    0.0003,
    0.0003,
    0.0003,
    0.0003,
    0.0003,
    0.0003,
    0.0003,
    0.0003,
    0.0003,
    0.0003,
    0.0003,
    0.0003,
    0.0003,
    0.0003,
    0.0003,
    0.0003,
    0.0003,
    0.0003,
    0.0003,
    0.0003,
    0.0003,
    0.0003,
    0.0003,
    0.0003,
    0.00015,
    0.00015,
    0.00015,
    0.00015,
    0.00015,
    0.00015,
    0.00015,
    0.00015,
    0.00015,
    0.00015,
    7.5e-05,
    7.5e-05,
    7.5e-05,
    7.5e-05,
    7.5e-05,
    7.5e-05,
    7.5e-05,
    7.5e-05,
    7.5e-05,
    7.5e-05,
    7.5e-05,
    3.75e-05,
    3.75e-05
  ],
  "best_val_acc": 84.34291581108829,
  "version": "v1",
  "test_acc": 83.75209380234506,
  "test_loss": 1.0355273334185282
}