{
  "train_loss": [
    1.9640974187460103,
    1.8840420221696135,
    1.8401928759012065,
    1.8129967255670516,
    1.782692550147166,
    1.7541090938888613,
    1.7224955920313225,
    1.6763432924864723,
    1.6174207378606327,
    1.558169567682704,
    1.481228200627155,
    1.4166409085031415,
    1.3758512373830452,
    1.3284398551847114,
    1.3031354185010566,
    1.2904500353043196,
    1.2520803699239356,
    1.2284392006084568,
    1.2133518337714868,
    1.1967237870224188,
    1.1735634356737137,
    1.1626427535150872,
    1.1450621517466717,
    1.1530759402962982,
    1.1274001686299433,
    1.1134320008950156,
    1.0640296980005797,
    1.041098980385749,
    1.0298947967955323,
    1.021154547323946,
    1.0123626074341476,
    0.9907438977331412,
    0.9923828876897937,
    0.9563881493494159,
    0.9297302028194803,
    0.9328713429267289,
    0.9146314141203146,
    0.9108281734048344,
    0.906186287764643,
    0.8967283512236642,
    0.8903144661520348,
    0.8811520863263334,
    0.8543002395356287,
    0.8513321666443934,
    0.8437161648371181,
    0.8355664393452348,
    0.8248099811741563,
    0.8220552621317692,
    0.8199608555582704,
    0.8252960165015987,
    0.8082416741574396,
    0.8064053344433425,
    0.8094228945794653,
    0.810109515170582,
    0.782192414412733,
    0.7913783195077396,
    0.7832054210002305,
    0.7730793466822046
  ],
  "train_acc": [
    25.221182202846517,
    32.11950250032056,
    37.20989870496217,
    40.671881010385945,
    42.39005000641108,
    44.723682523400434,
    47.65995640466726,
    50.94242851647647,
    54.82754199256315,
    57.36632901654058,
    61.80279523015771,
    65.12373381202718,
    66.98294653160661,
    69.91922041287344,
    71.2655468649827,
    71.2655468649827,
    73.20169252468266,
    74.45826387998461,
    75.3686370047442,
    76.15078856263624,
    76.80471855366072,
    77.31760482113091,
    77.83049108860111,
    77.77920246185408,
    78.6511091165534,
    79.3563277343249,
    81.45916143095269,
    82.61315553276062,
    82.80548788306193,
    83.49788434414668,
    83.81843826131555,
    84.63905628926786,
    84.03641492499038,
    85.97256058469034,
    87.60097448390819,
    86.88293370944993,
    87.35735350685985,
    87.44710860366713,
    88.01128349788435,
    88.35748172842672,
    88.17797153481216,
    88.80625721246314,
    89.65251955378895,
    90.28080523143993,
    90.51160405180151,
    90.61418130529555,
    91.12706757276574,
    91.38351070650083,
    91.47326580330811,
    91.3065777663803,
    91.97332991409155,
    91.99897422746506,
    91.76817540710347,
    91.75535325041672,
    93.0375689190922,
    92.80677009873061,
    93.0632132324657,
    93.40941146300808
  ],
  "val_loss": [
    1.7927040213444194,
    1.7729653608603555,
    1.7473454768540428,
    1.726952726723718,
    1.7105081882633146,
    1.694181993359425,
    1.652450491170414,
    1.6679744349151362,
    1.5260475189959417,
    1.574703396343794,
    1.4199463871658826,
    1.4008452384198298,
    1.331082070460085,
    1.3089366203448811,
    1.2688205222614477,
    1.2196783902215176,
    1.24973861897578,
    1.2865503948242938,
    1.1758981200515246,
    1.1732527496384793,
    1.2032516618243982,
    1.1908921814355693,
    1.2123613054635094,
    1.1600130903916281,
    1.1887296575014707,
    1.1608585783692658,
    1.1119219133111298,
    1.1321331692523644,
    1.1186513382880414,
    1.1149704563813132,
    1.126884425272707,
    1.1127084288440767,
    1.1626459711887798,
    1.0887422952495638,
    1.0787375706141111,
    1.077712715649214,
    1.0771488811148973,
    1.069483003655418,
    1.0749392138152827,
    1.1043207440219942,
    1.0604468036870487,
    1.072079556887267,
    1.0642323835951384,
    1.0694776705053985,
    1.0726456182901976,
    1.0617348981685326,
    1.0621728701669662,
    1.0545076170905692,
    1.0608659435491092,
    1.0597731500375467,
    1.0699187741904963,
    1.0656366455750388,
    1.0557758241403299,
    1.046640407843668,
    1.064081853530446,
    1.0500370723302248,
    1.0660792784612687,
    1.0617469392839025
  ],
  "val_acc": [
    43.06981519507187,
    46.252566735112936,
    48.562628336755644,
    47.27926078028747,
    48.87063655030801,
    49.435318275154,
    51.899383983572896,
    48.51129363449692,
    60.06160164271047,
    51.591375770020534,
    65.04106776180699,
    63.24435318275154,
    68.94250513347022,
    72.58726899383984,
    71.71457905544148,
    73.92197125256673,
    72.74127310061601,
    73.61396303901438,
    76.129363449692,
    78.33675564681725,
    76.129363449692,
    75.15400410677618,
    76.89938398357289,
    78.33675564681725,
    73.97330595482546,
    73.76796714579055,
    80.23613963039014,
    78.02874743326488,
    79.7741273100616,
    79.51745379876797,
    78.2340862422998,
    79.97946611909651,
    75.77002053388091,
    80.39014373716633,
    81.57084188911705,
    82.08418891170432,
    80.80082135523614,
    81.41683778234086,
    80.39014373716633,
    79.15811088295688,
    81.57084188911705,
    81.10882956878851,
    81.98151950718686,
    82.95687885010267,
    81.62217659137578,
    82.90554414784394,
    81.98151950718686,
    83.31622176591375,
    82.54620123203286,
    83.21355236139631,
    82.49486652977413,
    82.39219712525667,
    83.05954825462013,
    83.31622176591375,
    82.54620123203286,
    83.0082135523614,
    81.98151950718686,
    82.90554414784394
  ],
  "lr": [
    0.00015,
    0.00015,
    0.00015,
    0.00015,
    0.00015,
    0.00015,
    0.00015,
    0.00015,
    0.00015,
    0.00015,
    0.00015,
    0.00015,
    0.00015,
    0.00015,
    0.00015,
    0.00015,
    0.00015,
    0.00015,
    0.00015,
    0.00015,
    0.00015,
    0.00015,
    0.00015,
    0.00015,
    0.00015,
    0.00015,
    7.5e-05,
    7.5e-05,
    7.5e-05,
    7.5e-05,
    7.5e-05,
    7.5e-05,
    7.5e-05,
    3.75e-05,
    3.75e-05,
    3.75e-05,
    3.75e-05,
    3.75e-05,
    3.75e-05,
    3.75e-05,
    3.75e-05,
    3.75e-05,
    1.875e-05,
    1.875e-05,
    1.875e-05,
    1.875e-05,
    1.875e-05,
    1.875e-05,
    1.875e-05,
    1.875e-05,
    1.875e-05,
    1.875e-05,
    1.875e-05,
    1.875e-05,
    9.375e-06,
    9.375e-06,
    9.375e-06,
    9.375e-06
  ],
  "best_val_acc": 83.31622176591375,
  "version": "v3",
  "test_acc": 83.41708542713567,
  "test_loss": 1.0313800509770712
}