{
  "train_loss": [
    1.9651408986967118,
    1.8990838898987066,
    1.8510060877096457,
    1.8226872633715145,
    1.7976259760192184,
    1.7657458767539165,
    1.737183488783289,
    1.6928778886795044,
    1.636840565771353,
    1.5574871296765374,
    1.4898027386821684,
    1.445212652448748,
    1.3844640259859993,
    1.3493706637718639,
    1.3184876080419197,
    1.2890711250852367,
    1.2562510810914587,
    1.2420070315482186,
    1.219132810098226,
    1.2032298523871625,
    1.1835326310552534,
    1.1759120528815223,
    1.1587727436276734,
    1.13644774673415,
    1.1335103629065342,
    1.127909509373493,
    1.111170843243599,
    1.0986675920545077,
    1.0850691064947942,
    1.0821158934812076,
    1.068875663593167,
    1.0217967473092626,
    0.9991284293718026,
    0.9864942265338585,
    0.9824156895524165,
    0.9689495121357871,
    0.9599624623040683,
    0.9494972746880328,
    0.9546883641207804,
    0.9066938687054837,
    0.9061662659781878,
    0.8904890904172522,
    0.8802318949191297,
    0.8673650214418036,
    0.8628755952002573,
    0.8666269879360669,
    0.8502258912461703,
    0.8524530427377732,
    0.83586121753591,
    0.846789473881487,
    0.8375171325245842,
    0.8255773973269541,
    0.8274477436894276,
    0.8036992386227748,
    0.8044448976145416,
    0.8005459223125801,
    0.780841014180027
  ],
  "train_acc": [
    23.874855750737275,
    30.401333504295422,
    34.51724580074369,
    37.427875368637004,
    41.2232337479164,
    43.710732145146814,
    45.569944864726246,
    49.083215796897036,
    53.404282600333374,
    58.238235671239906,
    61.18733170919349,
    63.956917553532506,
    66.52134889088344,
    69.02166944480062,
    69.98333119630722,
    71.38094627516348,
    73.30426977817669,
    74.33004231311706,
    74.56084113347865,
    75.17630465444287,
    76.25336581613027,
    76.81754071034749,
    77.27913835107066,
    78.56135401974612,
    78.6511091165534,
    78.27926657263751,
    79.1896396973971,
    79.71534812155404,
    80.62572124631363,
    80.77958712655469,
    81.02320810360303,
    83.30555199384537,
    83.81843826131555,
    84.40825746890627,
    84.86985510962944,
    84.8826772663162,
    86.06231568149762,
    85.8443390178228,
    85.57507372740095,
    88.0241056545711,
    88.0497499679446,
    88.92165662264392,
    88.9857674060777,
    89.62687524041544,
    89.75509680728298,
    89.43454289011412,
    90.24233876137967,
    89.97307347095781,
    90.6013591486088,
    90.33209385818695,
    90.6013591486088,
    90.87062443903065,
    90.55007052186178,
    91.94768560071805,
    91.9605077574048,
    92.03744069752533,
    92.94781382228491
  ],
  "val_loss": [
    1.7687727857808597,
    1.762404992932179,
    1.7486157827689999,
    1.7459782264271722,
    1.7221242326204893,
    1.7294238512633278,
    1.6593841685623418,
    1.596400016643962,
    1.5314032308390884,
    1.474585976756987,
    1.429562412324499,
    1.387399483899601,
    1.3750082410749842,
    1.27110812703117,
    1.305733576172688,
    1.248978545431231,
    1.225372600750845,
    1.21315178030827,
    1.2043845028173727,
    1.2158976353582789,
    1.1845490473215696,
    1.1336621612798972,
    1.1230262498386572,
    1.1272871650633265,
    1.0981611746256468,
    1.1259031569371458,
    1.1201733380067544,
    1.134308584400865,
    1.2960023459840992,
    1.1115868746257218,
    1.1071661173320206,
    1.055132345097964,
    1.0581709087872115,
    1.0644448770851385,
    1.0590468537612039,
    1.0673448111190171,
    1.0459454724046051,
    1.057850565089554,
    1.039652796065221,
    1.032545081904677,
    1.040051489579873,
    1.037207124663181,
    1.0414769610420602,
    1.0271139213296234,
    1.0520285065056847,
    1.04094803430995,
    1.0231911559573938,
    1.0438422414123034,
    1.0406530470144553,
    1.051149697577367,
    1.0452508222861367,
    1.049949722211869,
    1.047757953893943,
    1.037815336321221,
    1.042051778465021,
    1.0447430952650603,
    1.0401251863260739
  ],
  "val_acc": [
    46.14989733059548,
    45.48254620123203,
    46.97125256673511,
    50.87268993839836,
    51.591375770020534,
    44.71252566735113,
    50.30800821355236,
    57.90554414784394,
    58.26488706365503,
    61.80698151950719,
    64.47638603696099,
    63.449691991786445,
    66.78644763860369,
    70.68788501026694,
    72.43326488706366,
    74.69199178644764,
    74.53798767967146,
    72.84394250513347,
    74.58932238193019,
    72.63860369609856,
    75.20533880903491,
    78.2340862422998,
    79.36344969199179,
    78.74743326488706,
    80.18480492813141,
    78.54209445585215,
    79.26078028747433,
    79.15811088295688,
    72.63860369609856,
    79.92813141683779,
    80.13347022587268,
    82.18685831622176,
    83.47022587268994,
    81.77618069815195,
    81.36550308008214,
    82.54620123203286,
    83.31622176591375,
    83.16221765913758,
    83.26488706365502,
    83.52156057494867,
    84.13757700205339,
    83.36755646817248,
    83.36755646817248,
    84.13757700205339,
    83.11088295687885,
    83.77823408624229,
    84.75359342915812,
    84.5482546201232,
    83.41889117043121,
    84.13757700205339,
    83.82956878850102,
    83.52156057494867,
    84.44558521560575,
    84.34291581108829,
    84.39425051334702,
    83.67556468172485,
    84.39425051334702
  ],
  "lr": [
    0.00015,
    0.00015,
    0.00015,
    0.00015,
    0.00015,
    0.00015,
    0.00015,
    0.00015,
    0.00015,
    0.00015,
    0.00015,
    0.00015,
    0.00015,
    0.00015,
    0.00015,
    0.00015,
    0.00015,
    0.00015,
    0.00015,
    0.00015,
    0.00015,
    0.00015,
    0.00015,
    0.00015,
    0.00015,
    0.00015,
    0.00015,
    0.00015,
    0.00015,
    0.00015,
    0.00015,
    7.5e-05,
    7.5e-05,
    7.5e-05,
    7.5e-05,
    7.5e-05,
    7.5e-05,
    7.5e-05,
    7.5e-05,
    3.75e-05,
    3.75e-05,
    3.75e-05,
    3.75e-05,
    3.75e-05,
    3.75e-05,
    3.75e-05,
    3.75e-05,
    3.75e-05,
    3.75e-05,
    3.75e-05,
    3.75e-05,
    3.75e-05,
    3.75e-05,
    1.875e-05,
    1.875e-05,
    1.875e-05,
    1.875e-05
  ],
  "best_val_acc": 84.75359342915812,
  "version": "v3",
  "test_acc": 84.33835845896148,
  "test_loss": 1.024633956750234
}