{
  "train_loss": [
    1.993534971250839,
    1.9085622337382278,
    1.8546835868341542,
    1.8040615377107498,
    1.7359419311430118,
    1.681807273896611,
    1.6357289236883559,
    1.6060437173149182,
    1.579006013551589,
    1.5621935237279085,
    1.5422674953795277,
    1.522680221707838,
    1.5176945819490564,
    1.4968141010097786,
    1.491239788281889,
    1.4763882992375723,
    1.4543962731850744,
    1.4363985866806104,
    1.4246545447512287,
    1.4174298813348738,
    1.406422127260513,
    1.3975187234207098,
    1.3966484714237204,
    1.389038343418185,
    1.3571848776147017,
    1.3521115422106587,
    1.342801530847686,
    1.331205375865991,
    1.3232093720134517,
    1.3211795962226704,
    1.3194582746819836,
    1.3159612421488704,
    1.286223378699264,
    1.2755958649167582,
    1.276878387233807,
    1.26316692322706,
    1.2591545151497698,
    1.251846341642958,
    1.2497029408350195,
    1.244608089434503,
    1.2350649495113437,
    1.2355056397954718,
    1.2261200730726656,
    1.223994234083376,
    1.2222645398682797,
    1.2163910800346611,
    1.2101805624074184,
    1.1904735078675082,
    1.1888063038590415,
    1.177122053923641,
    1.1795613990478697,
    1.1549158716543193,
    1.144139198315172,
    1.1451116794618046,
    1.1375335370299355,
    1.1350158701221813,
    1.1292995102081207,
    1.117799588916979,
    1.1156640826660011,
    1.108690476147258
  ],
  "train_acc": [
    17.387572308266467,
    17.69733159171487,
    19.428997947378242,
    26.59824594140698,
    36.88001492815824,
    45.351744728494126,
    49.960813584624,
    52.55458107855943,
    55.15208061205449,
    56.21944392610562,
    58.01455495428252,
    58.92517260682963,
    59.68650867699198,
    61.18678857995895,
    61.84362754245195,
    62.41089755551409,
    64.11643963426012,
    64.79193879455123,
    65.80332151520805,
    66.75499160291099,
    66.87068482925919,
    67.37824220936741,
    67.91192386639298,
    68.39335696958388,
    69.84885239783542,
    70.26684082851278,
    71.16253032282142,
    71.92386639298377,
    72.18884120171674,
    72.02089942153387,
    72.32692666542265,
    72.62922186975182,
    74.16682216831498,
    74.92815823847732,
    75.10356409777944,
    75.69322634819929,
    75.98059339428998,
    76.58518380294831,
    76.43963426012316,
    76.6038440007464,
    77.35025191267027,
    77.30546743795485,
    77.73838402687069,
    77.8951296883747,
    77.86900541145737,
    78.57062884866579,
    78.56316476954656,
    79.8245941406979,
    80.0970330285501,
    80.82104870311625,
    80.54860981526404,
    81.70181003918641,
    82.33998880388133,
    82.45941406978913,
    82.92591901474155,
    82.92218697518193,
    83.2244821795111,
    83.96342601231574,
    84.17615226721404,
    84.40007464079119
  ],
  "val_loss": [
    1.8931563190051488,
    1.929197795618148,
    1.8044548630714417,
    1.833151706627437,
    1.7443104028701781,
    1.6137926930472963,
    1.581129545257205,
    1.6274484055382865,
    1.5307793940816607,
    1.5079797125997998,
    1.5252563726334345,
    1.4707005058016096,
    1.467223498367128,
    1.474029042607262,
    1.4852216913586571,
    1.4469081943943387,
    1.4225678126017252,
    1.4308311343193054,
    1.416204078140713,
    1.4075795951343717,
    1.3918773049399966,
    1.4177821829205468,
    1.3963239845775424,
    1.3950383086999258,
    1.3973505343709673,
    1.3667193543343317,
    1.3740076107638224,
    1.3617232115495772,
    1.3828240488256727,
    1.3628786035946436,
    1.383942879381634,
    1.3713545535291944,
    1.3485800921916962,
    1.3593426928633736,
    1.348599635703223,
    1.3504964442480178,
    1.3491567322186062,
    1.350784322761354,
    1.3520775235834577,
    1.3472099102678754,
    1.346499761797133,
    1.3382144340447018,
    1.349582567952928,
    1.3446867514224279,
    1.3591492598965054,
    1.3452563558306012,
    1.3534169058005014,
    1.3725147096883683,
    1.3478391318094163,
    1.3523838386649176,
    1.3549876616114662,
    1.3526343144121624,
    1.3597718130974543,
    1.3486230049814496,
    1.3605872208163852,
    1.363444065480005,
    1.3573467876229968,
    1.3434649382318768,
    1.3608357026463462,
    1.3496432031903949
  ],
  "val_acc": [
    13.88888888888889,
    16.905615292712067,
    22.565710872162484,
    35.85722819593787,
    47.939068100358426,
    54.79390681003584,
    52.88231780167264,
    57.88530465949821,
    62.11170848267623,
    60.66308243727599,
    61.12604540023895,
    63.2168458781362,
    63.0973715651135,
    60.961768219832734,
    59.21445639187575,
    62.84348864994026,
    65.3225806451613,
    66.06929510155317,
    65.8452807646356,
    68.3542413381123,
    67.42831541218638,
    63.90382317801673,
    68.24970131421745,
    67.1146953405018,
    69.01135005973715,
    70.57945041816009,
    70.05675029868578,
    70.74372759856631,
    68.51851851851852,
    69.56391875746715,
    70.25089605734767,
    70.20609318996416,
    71.34109916367981,
    72.3715651135006,
    71.98327359617682,
    72.52090800477897,
    72.16248506571087,
    71.4605734767025,
    70.1463560334528,
    72.70011947431303,
    73.16308243727599,
    73.04360812425328,
    74.29808841099164,
    73.23775388291517,
    72.07287933094385,
    72.81959378733572,
    73.16308243727599,
    72.7299880525687,
    73.79032258064517,
    73.19295101553166,
    73.04360812425328,
    74.25328554360813,
    74.44743130227002,
    73.805256869773,
    73.34229390681004,
    73.04360812425328,
    73.74551971326164,
    74.62664277180406,
    74.08900836320191,
    74.08900836320191
  ],
  "lr": [
    0.0003,
    0.0003,
    0.0003,
    0.0003,
    0.0003,
    0.0003,
    0.0003,
    0.0003,
    0.0003,
    0.0003,
    0.0003,
    0.0003,
    0.0003,
    0.0003,
    0.0003,
    0.0003,
    0.00020999999999999998,
    0.00020999999999999998,
    0.00020999999999999998,
    0.00020999999999999998,
    0.00020999999999999998,
    0.00020999999999999998,
    0.00020999999999999998,
    0.00020999999999999998,
    0.00014699999999999997,
    0.00014699999999999997,
    0.00014699999999999997,
    0.00014699999999999997,
    0.00014699999999999997,
    0.00014699999999999997,
    0.00014699999999999997,
    0.00014699999999999997,
    0.00010289999999999997,
    0.00010289999999999997,
    0.00010289999999999997,
    0.00010289999999999997,
    0.00010289999999999997,
    0.00010289999999999997,
    0.00010289999999999997,
    0.00010289999999999997,
    0.00010289999999999997,
    0.00010289999999999997,
    0.00010289999999999997,
    0.00010289999999999997,
    0.00010289999999999997,
    0.00010289999999999997,
    0.00010289999999999997,
    7.202999999999997e-05,
    7.202999999999997e-05,
    7.202999999999997e-05,
    7.202999999999997e-05,
    5.042099999999998e-05,
    5.042099999999998e-05,
    5.042099999999998e-05,
    5.042099999999998e-05,
    5.042099999999998e-05,
    5.042099999999998e-05,
    3.529469999999998e-05,
    3.529469999999998e-05,
    3.529469999999998e-05
  ],
  "best_val_acc": 74.62664277180406,
  "version": "v3",
  "test_acc": 74.45097803912157,
  "test_loss": 1.5142093942539903
}