{
  "train_loss": [
    1.7996827847644932,
    1.7732803992560653,
    1.7549129905270748,
    1.7237651914846701,
    1.6857939338097807,
    1.6175003906742471,
    1.5414355485165705,
    1.4696648843952866,
    1.4046002220912057,
    1.3686621120718658,
    1.330310003923588,
    1.3082269591386202,
    1.26872439560343,
    1.2487748526647442,
    1.2263942651572775,
    1.2198727871062325,
    1.1982089442307833,
    1.1856213949742864,
    1.1803497830863858,
    1.163605804814667,
    1.1520946169974373,
    1.1277355490649332,
    1.118791259703089,
    1.1108562487070677,
    1.1021873179029247,
    1.101588944431211,
    1.0537990282793515,
    1.0346788680944285,
    1.0283488936600138,
    1.015417990137319,
    1.0160267267559395,
    0.9966252805268179,
    0.9949426057397343,
    0.9926097168297064,
    0.9754064393336656,
    0.9741937921184008,
    0.9711712154208637,
    0.9631375260040408,
    0.9554712840768157,
    0.9512574687355855,
    0.9486922081865248,
    0.9110001110639728,
    0.9117089126442299,
    0.8973835130206874,
    0.8942645939647175,
    0.8850467207490421,
    0.8849194330758736,
    0.8831422333834601,
    0.8714689243523801,
    0.8633238712295157,
    0.8726819318826081,
    0.8642309481491808,
    0.8638901842422173,
    0.8465098853482574,
    0.8539005483760208,
    0.8394423774519905,
    0.8394565333108432,
    0.8464038237685063,
    0.8339143275726036,
    0.825930796685766
  ],
  "train_acc": [
    44.646749583279906,
    47.224003077317604,
    47.85228875496858,
    48.81395050647519,
    51.63482497756122,
    55.16091806641877,
    60.2769585844339,
    64.54673676112323,
    67.04705731504039,
    69.43197845877677,
    70.82959353763303,
    72.12463136299526,
    73.71457879215284,
    75.49685857161174,
    75.26605975125015,
    75.71483523528657,
    77.36889344787794,
    77.59969226823952,
    78.30491088601103,
    77.86895755866136,
    79.71534812155404,
    79.92050262854212,
    80.27952301577125,
    80.48467752275933,
    81.81818181818181,
    81.2283626105911,
    83.43377356071291,
    83.93383767149635,
    84.3441466854725,
    84.80574432619566,
    84.35696884215925,
    85.9853827413771,
    85.85716117450956,
    85.80587254776253,
    86.15207077830492,
    86.62649057571484,
    86.8060007693294,
    87.02397743300423,
    87.30606488011283,
    87.79330683420952,
    87.79330683420952,
    89.06270034619823,
    89.37043210668034,
    89.79356327734325,
    89.65251955378895,
    90.16540582125914,
    90.19105013463265,
    90.0628285677651,
    90.7424028721631,
    90.99884600589819,
    90.53724836517502,
    91.05013463264521,
    90.84498012565713,
    91.55019874342864,
    91.07577894601872,
    91.75535325041672,
    91.80664187716374,
    91.25528913963329,
    92.26823951788691,
    92.37081677138094
  ],
  "val_loss": [
    1.747780602486407,
    1.73894244921012,
    1.7565463468676707,
    1.7175924504389528,
    1.6345112343303492,
    1.6002071646393323,
    1.5470027982211503,
    1.4470192154899972,
    1.4133377466045443,
    1.332744086375002,
    1.2865488744172893,
    1.246561812572792,
    1.2541555342127064,
    1.1809657255157096,
    1.239606216305592,
    1.174684139548755,
    1.242104492226585,
    1.2433362788841373,
    1.1962888915030683,
    1.12652973659703,
    1.2710527230481632,
    1.2172506754515602,
    1.1950220797882705,
    1.17525863842886,
    1.2233053611927345,
    1.2573942141454728,
    1.084786871417624,
    1.0865233765273798,
    1.0987968777046828,
    1.148926468169103,
    1.1027231822248365,
    1.0763461697297019,
    1.0689644901478876,
    1.0628054317880848,
    1.063149284143917,
    1.0424526118841329,
    1.1482524256237219,
    1.060079538431324,
    1.0645402386540272,
    1.0817709105913755,
    1.0813100777688573,
    1.0573502368614323,
    1.0779173442574799,
    1.0588145197414962,
    1.0661263075031218,
    1.0444101710788538,
    1.049584812805301,
    1.0565741667982007,
    1.0642831481871058,
    1.0678092211973471,
    1.0735019210909234,
    1.0536030052138157,
    1.0493897522082094,
    1.0508843005680648,
    1.0532591137729708,
    1.071267870605969,
    1.0580192833650308,
    1.0490211629476704,
    1.0644677740628603,
    1.0450677148631362
  ],
  "val_acc": [
    49.383983572895275,
    49.281314168377826,
    37.62833675564682,
    41.889117043121146,
    51.69404517453799,
    60.318275154004105,
    52.6694045174538,
    58.26488706365503,
    56.57084188911704,
    65.65708418891171,
    73.25462012320328,
    73.10061601642711,
    72.38193018480493,
    74.69199178644764,
    71.30390143737166,
    76.5400410677618,
    68.83983572895278,
    70.32854209445586,
    72.38193018480493,
    77.87474332648871,
    71.61190965092402,
    72.27926078028747,
    71.20123203285421,
    74.94866529774127,
    68.83983572895278,
    69.81519507186859,
    80.13347022587268,
    79.51745379876797,
    76.89938398357289,
    77.20739219712526,
    77.56673511293634,
    79.2094455852156,
    81.21149897330595,
    81.41683778234086,
    81.8788501026694,
    80.95482546201232,
    75.15400410677618,
    81.16016427104722,
    81.51950718685832,
    80.13347022587268,
    79.46611909650925,
    81.72484599589322,
    80.85215605749487,
    82.34086242299794,
    79.87679671457906,
    82.54620123203286,
    82.64887063655031,
    81.36550308008214,
    80.69815195071868,
    79.82546201232033,
    80.08213552361396,
    81.77618069815195,
    82.85420944558521,
    81.82751540041068,
    82.85420944558521,
    82.54620123203286,
    81.16016427104722,
    82.34086242299794,
    80.95482546201232,
    81.72484599589322
  ],
  "lr": [
    0.00015,
    0.00015,
    0.00015,
    0.00015,
    0.00015,
    0.00015,
    0.00015,
    0.00015,
    0.00015,
    0.00015,
    0.00015,
    0.00015,
    0.00015,
    0.00015,
    0.00015,
    0.00015,
    0.00015,
    0.00015,
    0.00015,
    0.00015,
    0.00015,
    0.00015,
    0.00015,
    0.00015,
    0.00015,
    0.00015,
    7.5e-05,
    7.5e-05,
    7.5e-05,
    7.5e-05,
    7.5e-05,
    7.5e-05,
    7.5e-05,
    7.5e-05,
    7.5e-05,
    7.5e-05,
    7.5e-05,
    7.5e-05,
    7.5e-05,
    7.5e-05,
    7.5e-05,
    3.75e-05,
    3.75e-05,
    3.75e-05,
    3.75e-05,
    3.75e-05,
    3.75e-05,
    3.75e-05,
    3.75e-05,
    3.75e-05,
    3.75e-05,
    3.75e-05,
    3.75e-05,
    3.75e-05,
    3.75e-05,
    3.75e-05,
    3.75e-05,
    3.75e-05,
    3.75e-05,
    1.875e-05
  ],
  "best_val_acc": 82.85420944558521,
  "version": "v2",
  "test_acc": 83.24958123953098,
  "test_loss": 1.0278852311770121
}