{
  "train_loss": [
    1.952893082724243,
    1.8866641062204954,
    1.8528910621267851,
    1.817814063341891,
    1.789201634340599,
    1.7698427375222816,
    1.7309454215354607,
    1.6853352496858502,
    1.618468775612409,
    1.5497681718380725,
    1.469887949892732,
    1.4119909894270974,
    1.373783579615296,
    1.3274595551803463,
    1.2987012364825263,
    1.2770301460242661,
    1.242468344139271,
    1.2333076579160378,
    1.209657742351782,
    1.2053738597963677,
    1.1683470904827118,
    1.1622384559424197,
    1.1378666814721998,
    1.1346465293012682,
    1.1207715487871013,
    1.1101548166060058,
    1.099138506123277,
    1.086017803334799,
    1.0396599579052848,
    1.0082846980114453,
    1.0114366290022114,
    0.9994196398336379,
    0.9807006555502532,
    0.9673013149714861,
    0.9774699655712628,
    0.9656584060094395,
    0.9560958713781639,
    0.9433250991535969,
    0.9361463824256522,
    0.9386150414337877,
    0.9387067270572068,
    0.9238137104472176,
    0.9114904865378239,
    0.9036449181740401,
    0.900431254848105,
    0.8877368310435874,
    0.883368649443642,
    0.8718511408469716,
    0.8852144890144223,
    0.8850697132407642,
    0.8407302638057803,
    0.8300927049312435,
    0.818392391087579,
    0.8088729948293968
  ],
  "train_acc": [
    25.65713553019618,
    32.15796897038082,
    35.055776381587386,
    38.915245544300554,
    42.76189255032696,
    43.87742018207462,
    46.63418386972689,
    50.13463264521092,
    53.968457494550584,
    57.840748813950505,
    62.14899346070009,
    65.50839851262982,
    67.2137453519682,
    69.35504551865624,
    70.95781510450058,
    72.04769842287473,
    74.2915758430568,
    73.95819976920117,
    75.57379151173227,
    75.27888190793692,
    77.4073599179382,
    77.42018207462495,
    78.80497499679446,
    78.30491088601103,
    79.26657263751763,
    79.45890498781895,
    80.30516732914477,
    80.35645595589178,
    82.48493396589306,
    83.86972688806257,
    83.63892806770099,
    83.99794845493012,
    84.38261315553277,
    84.99807667649699,
    84.8826772663162,
    85.28016412360559,
    85.34427490703936,
    86.51109116553404,
    86.2674701884857,
    86.37004744197974,
    86.28029234517246,
    86.43415822541351,
    86.85728939607642,
    87.57533017053468,
    88.26772663161944,
    88.15232722143864,
    88.51134760866778,
    88.93447877933069,
    88.33183741505322,
    88.35748172842672,
    90.1782279779459,
    90.81933581228363,
    91.0244903192717,
    91.46044364662136
  ],
  "val_loss": [
    1.7937218830233714,
    1.7671100331134484,
    1.7476434688099096,
    1.7474854207429729,
    1.7262095994636661,
    1.7049789936816107,
    1.6519656142250436,
    1.5901505908028024,
    1.6113081212903633,
    1.4607143460727128,
    1.4143495989627526,
    1.3950578619222171,
    1.357477029816049,
    1.3836558334162978,
    1.3039759202081649,
    1.2384371943161137,
    1.2565699307644953,
    1.3467084765434265,
    1.2125096409047236,
    1.2076760657498093,
    1.2080586142227299,
    1.1863230984719073,
    1.213588333520733,
    1.1899781109856777,
    1.2481413737672273,
    1.186307315943671,
    1.1827928892901687,
    1.1771577528265655,
    1.1033380051128199,
    1.1421992954660634,
    1.1013685845937886,
    1.1117010624682317,
    1.1000448025640894,
    1.1501447675658054,
    1.1146905607864506,
    1.1023701966785995,
    1.104794467081789,
    1.084725166930527,
    1.1031065192378935,
    1.0963199353608928,
    1.099274944086544,
    1.080214726143196,
    1.1345066975374691,
    1.075760757336851,
    1.1087116794508012,
    1.1136443781071022,
    1.0883885983560906,
    1.1122253077929136,
    1.102489070814164,
    1.100282856675445,
    1.0842523281691505,
    1.0898604959738059,
    1.0775366239860409,
    1.100587088553632
  ],
  "val_acc": [
    43.37782340862423,
    47.38193018480493,
    46.04722792607803,
    45.379876796714576,
    48.30595482546201,
    49.435318275154,
    53.90143737166324,
    55.3388090349076,
    48.100616016427104,
    61.75564681724846,
    65.19507186858316,
    63.91170431211499,
    66.94045174537987,
    65.29774127310061,
    69.35318275154005,
    72.74127310061601,
    71.91991786447639,
    64.37371663244353,
    74.74332648870636,
    74.17864476386038,
    73.04928131416838,
    77.82340862422998,
    74.22997946611909,
    75.564681724846,
    68.63449691991786,
    72.07392197125257,
    77.36139630390144,
    74.79466119096509,
    80.28747433264887,
    76.64271047227926,
    79.10677618069815,
    78.69609856262834,
    80.54414784394251,
    79.51745379876797,
    80.08213552361396,
    80.44147843942505,
    80.49281314168378,
    81.00616016427105,
    80.23613963039014,
    81.41683778234086,
    79.97946611909651,
    81.16016427104722,
    77.82340862422998,
    82.70020533880904,
    79.97946611909651,
    81.57084188911705,
    82.49486652977413,
    79.31211498973306,
    80.95482546201232,
    80.28747433264887,
    82.08418891170432,
    81.46817248459959,
    81.62217659137578,
    81.10882956878851
  ],
  "lr": [
    0.00015,
    0.00015,
    0.00015,
    0.00015,
    0.00015,
    0.00015,
    0.00015,
    0.00015,
    0.00015,
    0.00015,
    0.00015,
    0.00015,
    0.00015,
    0.00015,
    0.00015,
    0.00015,
    0.00015,
    0.00015,
    0.00015,
    0.00015,
    0.00015,
    0.00015,
    0.00015,
    0.00015,
    0.00015,
    0.00015,
    0.00015,
    0.00015,
    7.5e-05,
    7.5e-05,
    7.5e-05,
    7.5e-05,
    7.5e-05,
    7.5e-05,
    7.5e-05,
    7.5e-05,
    7.5e-05,
    7.5e-05,
    7.5e-05,
    7.5e-05,
    7.5e-05,
    7.5e-05,
    7.5e-05,
    7.5e-05,
    7.5e-05,
    7.5e-05,
    7.5e-05,
    7.5e-05,
    7.5e-05,
    7.5e-05,
    3.75e-05,
    3.75e-05,
    3.75e-05,
    3.75e-05
  ],
  "best_val_acc": 82.70020533880904,
  "version": "v3",
  "test_acc": 82.91457286432161,
  "test_loss": 1.040985872745514
}