{
  "train_loss": [
    2.0923488872621196,
    2.0334012817453453,
    1.983378783018902,
    1.886392394902329,
    1.7718010430384163,
    1.6954742218508865,
    1.655180310761487,
    1.6244113061965917,
    1.5832336735645127,
    1.5604308064939196,
    1.5407238768206701,
    1.5268825714034264,
    1.5016735001445218,
    1.4898737106058333,
    1.4754774940736366,
    1.4647310653118173,
    1.4532694294797852,
    1.4408077578552645,
    1.4384452843104147,
    1.4144199892928704,
    1.4133614214381787,
    1.3944126241134875,
    1.3945370073671695,
    1.3746473862466588,
    1.3782966211187317,
    1.3639622022607913,
    1.3639811555343846,
    1.3484629188924526,
    1.342437554991205,
    1.3389988514510067,
    1.3288894686032626,
    1.3183399826187878,
    1.3102985852294498,
    1.3111754116987941,
    1.2953550487455696,
    1.300196159668643,
    1.2846099535624187,
    1.280601851466529,
    1.2667278954477021,
    1.273281262579189,
    1.2569298569602196,
    1.2422647064783758,
    1.2447550724251102,
    1.2387182663386116,
    1.228488551747518,
    1.2323045420526253,
    1.227768436826841,
    1.22282525385269,
    1.2108750343322754,
    1.2057029016892917,
    1.2013466960251933,
    1.2023500233186215,
    1.191753173014933,
    1.1723475109045753,
    1.1757489244143169,
    1.1716955205808184,
    1.1650453276104398,
    1.1166264283335972,
    1.0950482943242648,
    1.0849713551677036
  ],
  "train_acc": [
    15.187407875342178,
    10.886502421562435,
    11.634028216466625,
    21.225521162349967,
    36.99199831543483,
    44.877869025057905,
    47.109917877447884,
    49.56306590861234,
    52.637397346809855,
    54.03242787955359,
    56.25921246578227,
    57.443672352074124,
    58.60181090755949,
    58.870288481785636,
    60.0336913034323,
    61.15497999578859,
    62.049905243209096,
    62.32364708359655,
    62.7711097073068,
    63.90292693198568,
    64.21351863550221,
    64.9663086965677,
    64.62413139608338,
    66.229732575279,
    66.37186776163402,
    67.03516529795746,
    67.23520741208675,
    67.81954095599073,
    68.41440303221731,
    68.71446620341125,
    69.03032217308908,
    70.0937039376711,
    69.90419035586439,
    69.98315434828385,
    70.64645188460729,
    70.57275215834913,
    71.73615497999579,
    71.84144030322173,
    72.0678037481575,
    72.17835333754475,
    73.08380711728785,
    74.02611076016004,
    74.01031796167614,
    74.12613181722467,
    74.56306590861234,
    74.73152242577385,
    74.89471467677406,
    75.38955569593598,
    76.02126763529164,
    76.25815961255002,
    76.02653190145294,
    76.62665824384081,
    76.98989260897031,
    78.15329543061698,
    77.65319014529375,
    78.48494419877869,
    78.14803116445567,
    81.18551273952411,
    82.3068014318804,
    82.91745630659086
  ],
  "val_loss": [
    1.998834287560226,
    1.9856956221113269,
    1.931701276126324,
    1.903593222566899,
    1.7316321438590951,
    1.6485761588051815,
    1.575790350869198,
    1.5340264843614309,
    1.5249365792178469,
    1.4864204725963157,
    1.493910847094235,
    1.4962613574610462,
    1.4740900497308513,
    1.4601613459171066,
    1.4624825135973476,
    1.4276543427633759,
    1.4262856481059285,
    1.4053683692976933,
    1.4341187005075031,
    1.4028150843293874,
    1.4309848374968408,
    1.3938601741054715,
    1.4262279524099106,
    1.4302632544664728,
    1.3895484433078127,
    1.3827603619370685,
    1.3944246088898422,
    1.3746186438822907,
    1.3712627419689358,
    1.3901544825342678,
    1.382391724410473,
    1.4099577145288456,
    1.3545775525521913,
    1.356239283644913,
    1.376469128483894,
    1.3690461756399013,
    1.361872409014094,
    1.3618581755049277,
    1.355191089962953,
    1.3473923202329035,
    1.3446832911280178,
    1.3686035039440898,
    1.3660473507522737,
    1.3625332117080688,
    1.3931769492642192,
    1.3607568396817917,
    1.3571360911298918,
    1.354616871216153,
    1.355590112657355,
    1.3569707814479035,
    1.341699178186839,
    1.3670421446729826,
    1.3637389892699734,
    1.3648036398343593,
    1.3689192593497719,
    1.3671773972127261,
    1.3951328008766943,
    1.3477732371163849,
    1.3701054229832335,
    1.3583420683073517
  ],
  "val_acc": [
    11.836562763268745,
    3.7489469250210616,
    13.732097725358045,
    32.96124684077506,
    36.3732097725358,
    40.838247683235046,
    55.033698399326035,
    58.29823083403539,
    57.518955349620896,
    59.28812131423757,
    55.83403538331929,
    62.86857624262848,
    61.499578770008426,
    64.00589721988206,
    57.139848357203036,
    66.17523167649537,
    63.711036225779274,
    65.9435551811289,
    66.13310867733783,
    67.3546756529065,
    64.49031171019377,
    66.95450716090986,
    65.96461668070766,
    65.20640269587194,
    67.56529064869419,
    69.22914911541702,
    66.91238416175231,
    68.34456613310867,
    69.39764111204718,
    66.32266217354676,
    69.52401010951979,
    66.3647851727043,
    69.35551811288964,
    68.66048862679023,
    68.97641112047178,
    67.62847514743049,
    69.7346251053075,
    68.99747262005054,
    71.12468407750632,
    70.93513058129739,
    69.90311710193765,
    71.18786857624262,
    69.16596461668071,
    70.00842459983151,
    69.01853411962932,
    70.09267059814658,
    70.28222409435551,
    71.4195450716091,
    71.04043807919123,
    71.31423757371525,
    71.58803706823926,
    70.02948609941028,
    69.96630160067397,
    70.40859309182814,
    70.09267059814658,
    70.80876158382476,
    70.00842459983151,
    72.7464195450716,
    72.15669755686605,
    72.36731255265374
  ],
  "lr": [
    0.0003,
    0.0003,
    0.0003,
    0.0003,
    0.0003,
    0.0003,
    0.0003,
    0.0003,
    0.0003,
    0.0003,
    0.0003,
    0.0003,
    0.0003,
    0.0003,
    0.0003,
    0.0003,
    0.0003,
    0.0003,
    0.0003,
    0.0003,
    0.0003,
    0.0003,
    0.0003,
    0.0003,
    0.0003,
    0.0003,
    0.0003,
    0.0003,
    0.0003,
    0.0003,
    0.0003,
    0.0003,
    0.0003,
    0.0003,
    0.0003,
    0.0003,
    0.0003,
    0.0003,
    0.0003,
    0.0003,
    0.0003,
    0.0003,
    0.0003,
    0.0003,
    0.0003,
    0.0003,
    0.0003,
    0.0003,
    0.0003,
    0.0003,
    0.0003,
    0.0003,
    0.0003,
    0.0003,
    0.0003,
    0.0003,
    0.0003,
    0.00015,
    0.00015,
    0.00015
  ],
  "best_val_acc": 72.7464195450716,
  "version": "v4",
  "test_acc": 71.74095878889824,
  "test_loss": 1.4648532654329012
}