{
  "train_loss": [
    1.939535216229861,
    1.8661042124521536,
    1.836037028031271,
    1.8164537544133232,
    1.7876146792388352,
    1.7632793715742767,
    1.7357081082023558,
    1.7011173875605474,
    1.6471181419052061,
    1.6025745722114062,
    1.5390815769062667,
    1.4836961587921518,
    1.444306054564773,
    1.3752121676187046,
    1.3517983619306908,
    1.3192164448441053,
    1.2730873063450954,
    1.256059532771345,
    1.2340569102861842,
    1.2222239084419657,
    1.2053073595781796,
    1.1875436713949579,
    1.1764744805996534,
    1.1605573474872308,
    1.1488127940502324,
    1.1397690355289178,
    1.1314485581194769,
    1.1085996613150737,
    1.1112072438490195,
    1.0973849675205887,
    1.0837305070923977,
    1.076217424429831,
    1.0720931377078666,
    1.053965364567569,
    1.042991786706643,
    1.0353489811303185,
    1.0309964350012482,
    1.018017243166439,
    1.0228485545662582,
    1.0136465334989986,
    1.0013487585743919,
    0.9886519803864057,
    0.9871856926894579,
    0.9372475755507829,
    0.9059328593191553,
    0.904658421629765,
    0.8975353160353957,
    0.8989319349410104,
    0.8799447593141775,
    0.8800786482017549,
    0.8731065793115584,
    0.8469066104439439,
    0.830179107482316,
    0.8265937681569427,
    0.818663553869138,
    0.81178317964077,
    0.802351176738739,
    0.7885826657541463,
    0.7926678928684016,
    0.7936145431194149
  ],
  "train_acc": [
    26.708552378510067,
    31.26041800230799,
    35.54301833568406,
    38.107449673035006,
    41.46685472496474,
    43.633799205026286,
    46.23669701243749,
    49.172970893704324,
    51.570714194127454,
    54.64803179894858,
    58.58443390178228,
    61.264264649314015,
    63.931273240158994,
    67.27785613540198,
    68.61136043082446,
    70.13719707654828,
    72.3682523400436,
    73.39402487498397,
    73.66329016540583,
    74.49673035004487,
    75.13783818438262,
    75.52250288498526,
    76.56109757661238,
    77.13809462751635,
    77.81766893191435,
    78.44595460956533,
    78.47159892293884,
    79.52301577125273,
    78.70239774330042,
    79.92050262854212,
    80.2667008590845,
    80.5231439928196,
    80.83087575330171,
    82.13873573535069,
    82.0233363251699,
    82.12591357866393,
    82.53622259264009,
    82.76702141300167,
    82.81831003974868,
    83.01064239005001,
    83.53635081420695,
    83.70303885113476,
    84.35696884215925,
    86.2674701884857,
    87.38299782023336,
    87.49839723041416,
    87.84459546095653,
    88.12668290806513,
    88.57545839210155,
    88.5626362354148,
    88.88319015258367,
    90.3449160148737,
    90.89626875240415,
    90.8834465957174,
    91.15271188613924,
    91.76817540710347,
    91.9605077574048,
    92.78112578535709,
    92.02461854083857,
    92.16566226439286
  ],
  "val_loss": [
    1.7640967935812277,
    1.756441903896019,
    1.7375440323939089,
    1.743447057536391,
    1.7301950337456875,
    1.7072917535656789,
    1.682441168144101,
    1.637117579335072,
    1.5992785164567291,
    1.531816328158144,
    1.4675835820495104,
    1.4494664004591644,
    1.3731101086882294,
    1.328045841123237,
    1.4232922948774744,
    1.2900452008012866,
    1.2373362251969635,
    1.2659669547784524,
    1.2509135428022167,
    1.268100293933368,
    1.283968029452152,
    1.2031452880531062,
    1.1750749672045473,
    1.1735704697546412,
    1.1879422547387295,
    1.1500223669849459,
    1.1474521404407063,
    1.1570681646221974,
    1.2683925638433362,
    1.1737606838101247,
    1.2051751945839553,
    1.1051984185078105,
    1.1586520896583308,
    1.1595238017254188,
    1.1504514549599318,
    1.1342882494457434,
    1.1147134548327962,
    1.1269345801384723,
    1.1380923986434937,
    1.1184794570578904,
    1.1493535735568061,
    1.1582842899150536,
    1.1278207751571154,
    1.0740608406848595,
    1.0790072601349627,
    1.1256716622680913,
    1.0775092869508462,
    1.078898563736775,
    1.1014291947005226,
    1.0872581864966722,
    1.1090494179334798,
    1.0609170696774468,
    1.0548549607151845,
    1.0675792909059367,
    1.0631376573296845,
    1.0911448666306793,
    1.0820049135411371,
    1.0739292551259525,
    1.0798371639408049,
    1.0754464659534517
  ],
  "val_acc": [
    46.714579055441476,
    45.73921971252567,
    45.53388090349076,
    46.35523613963039,
    48.459958932238195,
    48.30595482546201,
    48.61396303901437,
    51.950718685831625,
    53.18275154004107,
    58.67556468172484,
    63.96303901437371,
    60.780287474332646,
    68.6858316221766,
    70.12320328542094,
    61.96098562628337,
    69.50718685831622,
    73.20328542094455,
    70.68788501026694,
    70.48254620123203,
    69.55852156057495,
    68.83983572895278,
    74.17864476386038,
    74.53798767967146,
    73.71663244353182,
    75.61601642710473,
    75.66735112936345,
    75.66735112936345,
    78.13141683778234,
    70.12320328542094,
    75.51334702258727,
    74.22997946611909,
    79.92813141683779,
    74.69199178644764,
    76.38603696098562,
    77.72073921971253,
    80.08213552361396,
    80.13347022587268,
    77.51540041067761,
    78.02874743326488,
    78.85010266940452,
    78.69609856262834,
    76.38603696098562,
    79.10677618069815,
    80.13347022587268,
    81.72484599589322,
    79.2094455852156,
    81.10882956878851,
    81.57084188911705,
    81.3141683778234,
    80.49281314168378,
    80.95482546201232,
    81.98151950718686,
    83.0082135523614,
    83.21355236139631,
    82.64887063655031,
    80.74948665297741,
    81.72484599589322,
    81.8788501026694,
    82.13552361396304,
    82.4435318275154
  ],
  "lr": [
    0.00015,
    0.00015,
    0.00015,
    0.00015,
    0.00015,
    0.00015,
    0.00015,
    0.00015,
    0.00015,
    0.00015,
    0.00015,
    0.00015,
    0.00015,
    0.00015,
    0.00015,
    0.00015,
    0.00015,
    0.00015,
    0.00015,
    0.00015,
    0.00015,
    0.00015,
    0.00015,
    0.00015,
    0.00015,
    0.00015,
    0.00015,
    0.00015,
    0.00015,
    0.00015,
    0.00015,
    0.00015,
    0.00015,
    0.00015,
    0.00015,
    0.00015,
    0.00015,
    0.00015,
    0.00015,
    0.00015,
    0.00015,
    0.00015,
    0.00015,
    7.5e-05,
    7.5e-05,
    7.5e-05,
    7.5e-05,
    7.5e-05,
    7.5e-05,
    7.5e-05,
    7.5e-05,
    3.75e-05,
    3.75e-05,
    3.75e-05,
    3.75e-05,
    3.75e-05,
    3.75e-05,
    3.75e-05,
    3.75e-05,
    3.75e-05
  ],
  "best_val_acc": 83.21355236139631,
  "version": "v3",
  "test_acc": 82.49581239530988,
  "test_loss": 1.054632651011149
}