{
  "train_loss": [
    1.74727912809028,
    1.7127684608834688,
    1.6983807287255273,
    1.69251739929934,
    1.6924958009211744,
    1.6797030817289822,
    1.6704321659979273,
    1.6593296601146947,
    1.6524912939697016,
    1.6377591241578586,
    1.6267260269063417,
    1.5938165607999584,
    1.5500624033271289,
    1.4682957437194761,
    1.4126889075412126,
    1.3510304748034867,
    1.2988711563778705,
    1.2306659202106665,
    1.1979260205245408,
    1.138915104944198,
    1.1030201618788673,
    1.080071438775688,
    1.0572658589140314,
    1.042831899445565,
    0.9976965127909769,
    0.9726998222167375,
    0.9497864858293142,
    0.9212992839881631,
    0.9252033789382607,
    0.8935769664459541,
    0.8822459075294558,
    0.8641672734110082,
    0.8544671906799567,
    0.8142236847980101,
    0.7977294949967353,
    0.796924036423691,
    0.7526565133059611,
    0.7501499818973854,
    0.7408660923848387,
    0.7122386938235798,
    0.7131088824301469
  ],
  "train_acc": [
    29.00371842543916,
    31.055263495319913,
    31.20912937556097,
    34.06847031670727,
    34.01718168996025,
    34.27362482369534,
    36.055904603154254,
    36.65854596743172,
    36.20977048339531,
    38.97935632773432,
    40.92832414412104,
    41.67200923195281,
    43.89024233876138,
    48.070265418643416,
    51.9810232081036,
    56.071291191178354,
    58.3536350814207,
    61.174509552506734,
    62.87985639184511,
    65.41864341582254,
    66.50852673419669,
    67.41889985895628,
    67.73945377612515,
    68.90627003461982,
    69.88075394281319,
    70.88088216438005,
    70.86806000769329,
    72.7913835107065,
    71.73996666239262,
    72.88113860751379,
    73.11193742787538,
    73.85562251570714,
    74.09924349275548,
    75.26605975125015,
    75.47121425823823,
    76.08667777920246,
    76.43287600974485,
    76.22772150275676,
    76.75342992691371,
    77.65098089498653,
    77.26631619438389
  ],
  "val_loss": [
    1.6931325548984966,
    1.7204337041886126,
    1.7672737954092808,
    1.7411974551247769,
    1.7156322080580915,
    1.694519121138776,
    1.722499683255055,
    1.6599531388673625,
    1.6522063935389284,
    1.6404282343192178,
    1.663407192855585,
    1.6370034139664447,
    1.4815002328059712,
    1.456646182497994,
    1.4706378667080988,
    1.3436815601880434,
    1.3111270969031288,
    1.2785697989776486,
    1.1700652798668283,
    1.2277511827281264,
    1.1107603966212662,
    1.1581268095579305,
    1.0668589335973147,
    1.2509259434997058,
    1.0305455502916554,
    1.040855945133772,
    1.0247706897923203,
    1.1176811271026486,
    1.0336991993130231,
    1.1674638595737394,
    1.068459112624653,
    0.9500026370658249,
    0.9669857621192932,
    1.0394296523977498,
    0.9545194277020751,
    1.0425917911724967,
    1.0268126349957263,
    1.0187736495596464,
    0.9390114584907157,
    1.0718829885858003,
    0.9901903081135671
  ],
  "val_acc": [
    41.27310061601643,
    44.969199178644764,
    48.30595482546201,
    48.76796714579056,
    47.07392197125257,
    44.14784394250513,
    48.61396303901437,
    45.328542094455855,
    48.20328542094456,
    45.07186858316222,
    50.718685831622174,
    49.07597535934291,
    46.09856262833676,
    48.562628336755644,
    52.92607802874743,
    55.69815195071869,
    57.08418891170431,
    65.91375770020534,
    64.37371663244353,
    68.73716632443532,
    69.71252566735113,
    56.827515400410675,
    62.57700205338809,
    66.37577002053388,
    65.75975359342915,
    63.29568788501027,
    64.78439425051334,
    71.04722792607802,
    72.43326488706366,
    70.63655030800821,
    73.71663244353182,
    66.58110882956879,
    70.02053388090349,
    65.04106776180699,
    73.04928131416838,
    71.56057494866529,
    71.50924024640658,
    69.30184804928132,
    70.02053388090349,
    60.677618069815196,
    69.35318275154005
  ],
  "lr": [
    0.0003,
    0.0003,
    0.0003,
    0.0003,
    0.0003,
    0.0003,
    0.0003,
    0.0003,
    0.0003,
    0.0003,
    0.0003,
    0.0003,
    0.0003,
    0.0003,
    0.0003,
    0.0003,
    0.0003,
    0.0003,
    0.0003,
    0.0003,
    0.0003,
    0.0003,
    0.0003,
    0.0003,
    0.0003,
    0.0003,
    0.0003,
    0.0003,
    0.0003,
    0.0003,
    0.0003,
    0.0003,
    0.0003,
    0.0003,
    0.0003,
    0.0003,
    0.0003,
    0.0003,
    0.0003,
    0.0003,
    0.0003
  ],
  "best_val_acc": 73.71663244353182,
  "version": "v1",
  "test_acc": 74.87437185929649,
  "test_loss": 0.7026192454497019
}