{
  "train_loss": [
    1.7537834232905096,
    1.6391600073387327,
    1.5739950210558444,
    1.4963443506044973,
    1.4456416559139085,
    1.3929359708169493,
    1.3406641821467917,
    1.3113488621181912,
    1.2843568066153863,
    1.2651910487850908,
    1.2361064360599325,
    1.2102179055663471,
    1.2038405304806,
    1.1724740889939396,
    1.1558390755444665,
    1.1430708937572711,
    1.1152409487701826,
    1.0998876405886127,
    1.0787941179291567,
    1.0607733859959676,
    1.0630351457531604,
    1.0452097326717795,
    1.0338766955165348,
    1.0220049644760814,
    1.000763948617961,
    0.9877463806959916,
    0.9716092305954056,
    0.9763711678359644,
    0.9371959198303897,
    0.9371804230241262,
    0.9476174133694935,
    0.9237982962870036,
    0.9087523516982493,
    0.911751146669741,
    0.8966536667912898,
    0.8871781487356533,
    0.8823028685468616,
    0.8714551608570497,
    0.8564203214966488,
    0.8391872794439496,
    0.8616025405199038,
    0.8289207372601185,
    0.818445748201123,
    0.8254885870449069,
    0.8258529738444672,
    0.8106532646750761,
    0.7907026563128237,
    0.79248757439631,
    0.7909571253992491,
    0.7981918589635328,
    0.7763173715634779,
    0.7986543330078575,
    0.7670133078740502,
    0.7518239045885677,
    0.7529946199872277,
    0.744642107775717,
    0.7477224678403199,
    0.7244243264097958,
    0.7224941341212703,
    0.7305148116466573
  ],
  "train_acc": [
    25.20004211412929,
    33.27542640555907,
    38.46072857443672,
    44.19351442408928,
    44.87260475889661,
    46.157085702253106,
    47.441566645609605,
    49.16298168035376,
    49.54200884396715,
    50.826489787323645,
    51.51610865445357,
    52.60581174984207,
    52.695304274584124,
    54.006106548747105,
    54.3798694461992,
    56.01179195620131,
    55.827542640555905,
    56.70667508949253,
    57.2962728995578,
    58.24384080859128,
    58.62286797220467,
    59.349336702463674,
    59.6651926721415,
    60.102126763529164,
    60.91808801853022,
    61.22867972204675,
    61.64455674878922,
    61.160244261949885,
    62.79743103811329,
    62.68161718256475,
    62.692145714887346,
    63.10802274162982,
    63.818698673404924,
    63.66603495472731,
    64.07138344914719,
    64.86102337334175,
    65.05580122130975,
    65.46114971572963,
    65.97178353337544,
    65.91387660560117,
    65.41377132027796,
    66.93514424089282,
    66.80880185302169,
    66.51926721415035,
    66.94040850705412,
    67.53000631711939,
    68.13013265950727,
    68.00379027163613,
    67.96694040850706,
    68.05116866708781,
    68.55127395241104,
    67.67214150347442,
    69.05137923773427,
    69.5356917245736,
    69.46199199831544,
    69.78311223415456,
    69.61991998315435,
    70.4306169719941,
    71.14655716993052,
    70.91492945883344
  ],
  "val_loss": [
    1.8172933231264152,
    1.6135772226640843,
    1.4693093259862606,
    1.4308350198220887,
    1.3602708170077944,
    1.2900589304482377,
    1.2746754796712991,
    1.2747067489079982,
    1.441560632030436,
    1.2987597076684836,
    1.1995368419877634,
    1.181895812085811,
    1.2156357829202742,
    1.1527347648703812,
    1.195167339488164,
    1.1040214020133818,
    1.2299788598246222,
    1.0762740377611761,
    1.0718222344481705,
    1.0683989628849413,
    1.0691738588697959,
    1.1451857754048085,
    1.12238294326219,
    1.0147636458777742,
    1.0676987327185252,
    1.0753368315280685,
    1.0309549298062421,
    1.0426524069485248,
    1.0819720749887043,
    1.0956233463831395,
    1.150799315647791,
    1.074700362330315,
    0.9802096118062935,
    0.9870934180365313,
    1.0782579139575061,
    1.0243703270918572,
    1.0010451170422088,
    1.031393429376935,
    1.0141110842259937,
    1.03364151956251,
    1.0482171819914108,
    1.0026320199038359,
    1.143988993343891,
    1.044057803466016,
    1.0388396874370192,
    1.1202625782297762,
    0.9977870889558088,
    1.0281736410704234,
    1.0565788169835237,
    1.0371557536141185,
    0.977014232801911,
    1.1666283175449244,
    1.031103950818913,
    1.0250084184160169,
    1.0476613316759966,
    1.0657813771059048,
    1.0943224022052431,
    1.123560733243123,
    1.08707996442814,
    1.0775421837832304
  ],
  "val_acc": [
    19.144903117101936,
    31.508003369839933,
    45.26116259477675,
    42.60741364785173,
    44.187026116259474,
    46.672283066554336,
    50.73715248525695,
    51.83235046335299,
    41.97556866048863,
    51.20050547598989,
    53.74894692502106,
    54.654591406908175,
    53.517270429654594,
    57.7927548441449,
    58.52990732940185,
    57.5821398483572,
    57.666385846672284,
    56.12889637742207,
    58.34035383319292,
    58.403538331929234,
    58.90901432181971,
    57.687447346251055,
    57.45577085088458,
    62.53159224936815,
    61.478517270429656,
    61.857624262847516,
    59.962089300758215,
    60.57287278854255,
    59.941027801179445,
    63.05812973883741,
    57.329401853411966,
    61.01516427969671,
    63.542544229149115,
    62.55265374894692,
    62.91069924178601,
    61.77337826453243,
    64.34288121314238,
    64.5324347093513,
    65.73294018534119,
    60.699241786015165,
    64.55349620893007,
    66.19629317607414,
    62.763268744734624,
    65.54338668913226,
    61.288963774220726,
    66.51221566975569,
    64.5324347093513,
    65.31171019376579,
    65.5223251895535,
    66.13310867733783,
    63.22662173546757,
    62.805391743892166,
    67.08087615838248,
    66.06992417860151,
    66.72283066554338,
    66.80707666385847,
    66.47009267059815,
    67.12299915754002,
    64.82729570345408,
    66.70176916596462
  ],
  "lr": [
    0.0003,
    0.0003,
    0.0003,
    0.0003,
    0.0003,
    0.0003,
    0.0003,
    0.0003,
    0.0003,
    0.0003,
    0.0003,
    0.0003,
    0.0003,
    0.0003,
    0.0003,
    0.0003,
    0.0003,
    0.0003,
    0.0003,
    0.0003,
    0.0003,
    0.0003,
    0.0003,
    0.0003,
    0.0003,
    0.0003,
    0.0003,
    0.0003,
    0.0003,
    0.0003,
    0.0003,
    0.0003,
    0.0003,
    0.0003,
    0.0003,
    0.0003,
    0.0003,
    0.0003,
    0.0003,
    0.0003,
    0.0003,
    0.0003,
    0.0003,
    0.0003,
    0.0003,
    0.0003,
    0.0003,
    0.0003,
    0.0003,
    0.0003,
    0.0003,
    0.0003,
    0.0003,
    0.0003,
    0.0003,
    0.0003,
    0.0003,
    0.0003,
    0.0003,
    0.0003
  ],
  "best_val_acc": 67.12299915754002,
  "version": "v1",
  "test_acc": 66.84608915054667,
  "test_loss": 0.8827434463766954
}