{
  "train_loss": [
    1.8035718715581737,
    1.7809455844222521,
    1.765310077882204,
    1.7612690231839165,
    1.7456057868042931,
    1.722943437881157,
    1.6989673732734116,
    1.642213702690406,
    1.5861800620790387,
    1.5214128220667604,
    1.460943127264742,
    1.4185678245591336,
    1.3813679179207223,
    1.3486592525341472,
    1.3121259310206428,
    1.2941685018480802,
    1.266590256182874,
    1.255342589050043,
    1.2323669764350673,
    1.2167141974949447,
    1.20812231790824,
    1.199762433278756,
    1.1873223994110451,
    1.1740973926469929,
    1.1629354421232567,
    1.1576190920638256,
    1.143934604330141,
    1.138637470173054,
    1.1096168844426264,
    1.0802807595397605,
    1.0755159559308505,
    1.0666241951164652,
    1.069316375695291,
    1.054525049250634,
    1.0488264812309234,
    1.0405898692666506,
    1.0412297033872762,
    1.0309304277427862,
    1.0238148758157355,
    1.02642268015713,
    1.0195878294647718,
    1.0213984764013133,
    0.9844659923530016,
    0.9807251107985856,
    0.9663566463306302,
    0.9626926523251612
  ],
  "train_acc": [
    45.04423644056931,
    47.44197974099244,
    48.044621105269904,
    48.18566482882421,
    47.94204385177587,
    49.24990383382485,
    51.1604051801513,
    54.58392101551481,
    58.315168611360434,
    61.39248621618156,
    64.94422361841262,
    66.29055007052186,
    68.30362867034235,
    69.95768688293371,
    71.2655468649827,
    72.56058469034491,
    73.20169252468266,
    73.99666623926144,
    74.88139505064751,
    75.21477112450314,
    76.02256699576868,
    76.4713424798051,
    77.1252724708296,
    77.72791383510706,
    78.52288754968586,
    78.35619951275804,
    79.07424028721631,
    78.9075522502885,
    81.0616745736633,
    82.34389024233876,
    82.26695730221823,
    82.5875112193871,
    82.51057827926657,
    83.02346454673676,
    83.63892806770099,
    83.62610591101424,
    83.2414412104116,
    84.25439158866521,
    84.76727785613541,
    84.74163354276189,
    84.83138863956917,
    84.66470060264136,
    86.30593665854597,
    86.54955763559431,
    86.70342351583537,
    87.04962174637774
  ],
  "val_loss": [
    1.7561784240066027,
    1.7527685595340416,
    1.7439066386613689,
    1.7431652995406604,
    1.727544831447914,
    1.7213580452027868,
    1.6909391020165114,
    1.6191591786556556,
    1.5719549128266632,
    1.5038638173556718,
    1.4530583913209008,
    1.41300730040816,
    1.534144968282981,
    1.4886842770654647,
    1.2775672967316674,
    1.3765480147033442,
    1.2960480314786318,
    1.219454438959966,
    1.2269267977261153,
    1.4502640630378099,
    1.4648931710446467,
    1.1644658631965763,
    1.2970862525408384,
    1.2835006889749745,
    1.1614987185743988,
    1.2440919817471114,
    1.2545248133237246,
    1.212902774576281,
    1.1458239711698939,
    1.1268935858226212,
    1.1261259815731988,
    1.1521384950544014,
    1.1454143944333812,
    1.1346224907968865,
    1.1238195192618448,
    1.0848460256076249,
    1.1256805472686642,
    1.1131100029241843,
    1.0821895052175052,
    1.1271042559967666,
    1.1349858622081945,
    1.1070760381026346,
    1.1081373574303799,
    1.1164245800893815,
    1.0795142816715553,
    1.0893251270544333
  ],
  "val_acc": [
    48.76796714579056,
    50.7700205338809,
    51.437371663244356,
    50.87268993839836,
    49.48665297741273,
    47.79260780287474,
    45.790554414784395,
    54.158110882956876,
    55.74948665297741,
    59.856262833675565,
    66.32443531827515,
    62.57700205338809,
    58.7782340862423,
    54.106776180698155,
    68.63449691991786,
    64.57905544147845,
    67.65913757700206,
    72.94661190965093,
    70.48254620123203,
    52.92607802874743,
    53.95277207392197,
    77.97741273100615,
    67.09445585215606,
    67.60780287474333,
    77.46406570841889,
    70.32854209445586,
    70.99589322381931,
    75.66735112936345,
    77.77207392197126,
    78.64476386036961,
    77.61806981519507,
    77.97741273100615,
    78.33675564681725,
    78.2340862422998,
    76.84804928131418,
    80.80082135523614,
    78.38809034907598,
    78.69609856262834,
    79.56878850102669,
    77.77207392197126,
    77.1047227926078,
    79.92813141683779,
    77.87474332648871,
    78.28542094455852,
    80.69815195071868,
    80.23613963039014
  ],
  "lr": [
    0.00015,
    0.00015,
    0.00015,
    0.00015,
    0.00015,
    0.00015,
    0.00015,
    0.00015,
    0.00015,
    0.00015,
    0.00015,
    0.00015,
    0.00015,
    0.00015,
    0.00015,
    0.00015,
    0.00015,
    0.00015,
    0.00015,
    0.00015,
    0.00015,
    0.00015,
    0.00015,
    0.00015,
    0.00015,
    0.00015,
    0.00015,
    0.00015,
    7.5e-05,
    7.5e-05,
    7.5e-05,
    7.5e-05,
    7.5e-05,
    7.5e-05,
    7.5e-05,
    7.5e-05,
    7.5e-05,
    7.5e-05,
    7.5e-05,
    7.5e-05,
    7.5e-05,
    7.5e-05,
    3.75e-05,
    3.75e-05,
    3.75e-05,
    3.75e-05
  ],
  "best_val_acc": 80.80082135523614,
  "version": "v1",
  "test_acc": 81.7001675041876,
  "test_loss": 1.0799157698949178
}