{
  "train_loss": [
    2.2153867723965885,
    2.126996384325252,
    2.0673837828315067,
    2.0045496608673123,
    1.9392834319811478,
    1.8862540579404092,
    1.8457021155341307,
    1.818027745593678,
    1.7941263721446798,
    1.772062650232604,
    1.7625955979430716,
    1.7508293512694362,
    1.7337211653439686,
    1.722341497739156,
    1.7149942089812924,
    1.7029278031503312,
    1.6918805765383171,
    1.6849496452896684,
    1.6776728164467345,
    1.6591430155917852,
    1.6507481348634971,
    1.6515269769161238,
    1.6504289662396465,
    1.6393401417065951,
    1.6259504641948725,
    1.6246610197555336,
    1.6148932161756637,
    1.6114096531161555,
    1.6039917105777497,
    1.5995193861349664,
    1.5983529143060498,
    1.5881445082751187,
    1.5912703299763227,
    1.5807750029395324,
    1.5736114519212383,
    1.5734471457975883,
    1.566649555758595,
    1.5687094362897904,
    1.5355543315611304,
    1.5289480594874232,
    1.5230304666039116,
    1.5133642022457188,
    1.5163923576223328,
    1.5049374130639164,
    1.498686352362135,
    1.5013117659774293,
    1.4983363634207434,
    1.4876571720095997,
    1.48036016478683,
    1.4775849513533943,
    1.4847715748881651,
    1.4797943890696825,
    1.4651644750676973,
    1.4719207314931182,
    1.4673457648416963,
    1.463265562097633,
    1.438837152037155,
    1.4255123526761027,
    1.4310617005383526,
    1.420630289047254
  ],
  "train_acc": [
    14.07138344914719,
    7.575279006106549,
    9.228258580753844,
    12.323647083596546,
    20.093703937671087,
    26.963571278163823,
    31.522425773847125,
    35.433775531690884,
    39.07138344914719,
    41.07706885660139,
    43.26173931353969,
    44.7094125078964,
    46.130764371446624,
    47.11518214360918,
    48.368077489997894,
    49.036639292482626,
    51.01073910296905,
    51.521372920614866,
    52.026742472099386,
    54.227205727521586,
    53.874499894714674,
    55.08528111181301,
    55.49062960623289,
    56.18551273952411,
    56.85933880817014,
    57.87534217730048,
    57.638450200042115,
    58.42809012423668,
    58.807117287850076,
    59.33354390397979,
    60.407454200884395,
    60.3969256685618,
    60.13371236049694,
    61.3181722467888,
    61.34449357759528,
    62.0341124447252,
    62.07096230785429,
    62.67635291640345,
    65.17161507685829,
    65.12423668140661,
    65.61907770056854,
    66.26131817224679,
    66.64034533586018,
    66.70878079595704,
    67.57738471257107,
    67.18782901663508,
    67.90903348073279,
    68.45125289534639,
    68.40913876605602,
    68.74078753421773,
    69.08822910086334,
    69.13560749631502,
    69.38302800589598,
    69.74626237102548,
    69.43040640134765,
    70.00947567909033,
    71.96778269109286,
    72.76795114761002,
    72.86270793851337,
    73.08380711728785
  ],
  "val_loss": [
    2.0906291376024284,
    3.423550775387143,
    2.0110192858932803,
    1.9725590720272703,
    1.8821962703794441,
    1.863373184364114,
    1.8666451569371576,
    1.782896665918747,
    1.7377630608193826,
    1.7759189125675483,
    1.713045051433896,
    1.748085301194415,
    1.690477897656844,
    1.700286451602142,
    1.668858424129102,
    1.66820803424656,
    1.650957101943509,
    1.660433900436299,
    1.6516113713283667,
    1.6220019671740948,
    1.6404996606327544,
    1.6177398574432271,
    1.602138432880376,
    1.6086015765298933,
    1.6353286816769799,
    1.5978561959810704,
    1.5958988890551882,
    1.6002545380752358,
    1.6275048631949713,
    1.6166235400526316,
    1.586744838913015,
    1.5724986623597625,
    1.5823996635091384,
    1.5975248645616058,
    1.5939270705984743,
    1.6012424590603618,
    1.5967002811047855,
    1.5812567408452898,
    1.5515704170969509,
    1.5608205039229168,
    1.5575470452340656,
    1.5401395935340216,
    1.5652747782284782,
    1.5498012704337203,
    1.5428924600549991,
    1.54360855345758,
    1.5490848010018368,
    1.5454247697887804,
    1.568744976248517,
    1.5514870425998764,
    1.5472229183120216,
    1.550487798332368,
    1.55409783564958,
    1.5395070338409218,
    1.5421512486950664,
    1.5588981677221772,
    1.528864324492896,
    1.5315578983934133,
    1.5262333590712323,
    1.5338510950939768
  ],
  "val_acc": [
    4.486099410278012,
    13.247683235046335,
    6.255265374894693,
    20.977253580454928,
    29.591406908171862,
    23.441449031171018,
    34.11962931760741,
    39.59561920808762,
    41.89132266217354,
    45.70345408593092,
    42.01769165964617,
    37.51053074978938,
    43.36562763268745,
    43.70261162594777,
    51.57961246840775,
    52.190395956192084,
    51.4743049705139,
    55.4759898904802,
    55.623420387531596,
    57.118786857624265,
    60.888795282224095,
    58.52990732940185,
    60.65711878685762,
    58.19292333614153,
    56.318449873631,
    61.18365627632687,
    58.69839932603201,
    64.3218197135636,
    59.30918281381634,
    59.49873631002527,
    60.19376579612469,
    63.64785172704296,
    65.20640269587194,
    61.668070766638586,
    62.63689974726201,
    60.42544229149115,
    63.01600673967987,
    63.2687447346251,
    65.66975568660489,
    65.66975568660489,
    65.90143218197136,
    66.0067396798652,
    64.84835720303286,
    66.68070766638584,
    66.91238416175231,
    67.62847514743049,
    66.70176916596462,
    63.900589721988204,
    65.33277169334457,
    67.37573715248526,
    68.02864363942713,
    66.53327716933445,
    66.61752316764954,
    65.79612468407751,
    66.97556866048863,
    65.1010951979781,
    67.96545914069081,
    69.62931760741365,
    69.01853411962932,
    67.14406065711879
  ],
  "lr": [
    0.0003,
    0.0003,
    0.0003,
    0.0003,
    0.0003,
    0.0003,
    0.0003,
    0.0003,
    0.0003,
    0.0003,
    0.0003,
    0.0003,
    0.0003,
    0.0003,
    0.0003,
    0.0003,
    0.0003,
    0.0003,
    0.0003,
    0.0003,
    0.0003,
    0.0003,
    0.0003,
    0.0003,
    0.0003,
    0.0003,
    0.0003,
    0.0003,
    0.0003,
    0.0003,
    0.0003,
    0.0003,
    0.0003,
    0.0003,
    0.0003,
    0.0003,
    0.0003,
    0.0003,
    0.00020999999999999998,
    0.00020999999999999998,
    0.00020999999999999998,
    0.00020999999999999998,
    0.00020999999999999998,
    0.00020999999999999998,
    0.00020999999999999998,
    0.00020999999999999998,
    0.00020999999999999998,
    0.00020999999999999998,
    0.00020999999999999998,
    0.00020999999999999998,
    0.00020999999999999998,
    0.00020999999999999998,
    0.00020999999999999998,
    0.00020999999999999998,
    0.00020999999999999998,
    0.00020999999999999998,
    0.00014699999999999997,
    0.00014699999999999997,
    0.00014699999999999997,
    0.00014699999999999997
  ],
  "best_val_acc": 69.62931760741365,
  "version": "v4",
  "test_acc": 69.89066442388562,
  "test_loss": 1.6906100226345884
}