{
  "train_loss": [
    2.2130479299631274,
    2.150824668466068,
    2.1257828176021576,
    2.096624142322384,
    2.088394426420087,
    2.0740633709508867,
    2.0739972537658256,
    2.0609488282047335,
    2.063535518822123,
    2.047721048359011,
    2.0347566262620393,
    2.0328860263355444,
    2.0163143682675284,
    2.006461333544528,
    1.9442847288045726,
    1.8986787004548995,
    1.8448382068852909,
    1.8075439294830697,
    1.7814372040209223,
    1.7526846708821469,
    1.7123026857610608,
    1.6975933347569137,
    1.6578457961316968,
    1.64803654395166,
    1.6306562887840583,
    1.606021772154042,
    1.5882064773411046,
    1.5775766504592583,
    1.5623541811450583,
    1.5583515875652187,
    1.541394716892086,
    1.5295888019389794,
    1.521826623893175,
    1.499652926550537,
    1.440704055008341,
    1.445044504325898,
    1.4202086187776972,
    1.3966051867750824,
    1.3823962587802137,
    1.401673596413409,
    1.385075184654017,
    1.3808690072571645,
    1.355102615766838,
    1.362232360927785,
    1.3319545053556316,
    1.3013970018898855,
    1.2971754337920518,
    1.2682612203672283,
    1.2756424697696185,
    1.2637107460225214,
    1.2670793188888518,
    1.255718328669423,
    1.226841892619602,
    1.2227180441383456,
    1.2171110430213272,
    1.2159851811459808
  ],
  "train_acc": [
    19.528144633927425,
    19.02808052314399,
    18.83574817284267,
    18.784459546095654,
    18.66906013591486,
    18.06641877163739,
    18.20746249519169,
    18.06641877163739,
    19.002436209770483,
    18.463905628926785,
    20.579561482241314,
    21.38735735350686,
    22.836261059110143,
    26.246954737786897,
    30.837286831645084,
    37.95358379279395,
    43.18502372098987,
    46.99320425695602,
    48.903705603282475,
    51.40402615719964,
    53.72483651750225,
    56.096935504551865,
    58.80241056545711,
    60.1359148608796,
    62.82856776509809,
    63.04654442877292,
    64.73906911142454,
    66.35466085395564,
    66.18797281702783,
    67.54712142582382,
    67.93178612642646,
    68.79087062443904,
    69.43197845877677,
    71.23990255160918,
    74.95832799076804,
    74.61212976022567,
    76.09949993588921,
    76.12514424926273,
    77.48429285805872,
    77.30478266444416,
    77.75355814848058,
    78.2279779458905,
    79.3306834209514,
    78.89473009360174,
    80.76676496986794,
    82.8695986664957,
    82.3054237722785,
    83.31837415053212,
    83.67739453776124,
    83.81843826131555,
    83.75432747788177,
    84.6262341325811,
    86.2674701884857,
    86.16489293499167,
    86.63931273240159,
    86.70342351583537
  ],
  "val_loss": [
    2.0792558818566995,
    2.068453067638835,
    2.045223603483106,
    2.0364527135598856,
    2.026436041613094,
    2.0301918846661926,
    2.01530529631943,
    2.0296966130616236,
    2.0204763197508013,
    2.0098554951245666,
    2.0083544156590447,
    2.003496043017653,
    1.9920569775534458,
    1.950955639120008,
    1.9017393745359827,
    1.8650147094101202,
    1.807585608763773,
    1.8235047664798674,
    1.8272746781833837,
    1.7502039455976643,
    1.7157328656462372,
    1.6374569369144127,
    1.6455990447372686,
    1.629275089404622,
    1.6374060677700355,
    1.664217421265899,
    1.6572967025100207,
    1.5856629492806606,
    1.6629602850460616,
    1.5601353782122251,
    1.5613070140119458,
    1.5243010208254955,
    1.544302997041921,
    1.525839988325463,
    1.499006091571245,
    1.5320126932175433,
    1.4847423991218942,
    1.4822545295856038,
    1.4783205419290262,
    1.4953203807111646,
    1.503309028070481,
    1.4895279485671247,
    1.510405538512058,
    1.4953481642926325,
    1.4600913915477816,
    1.4604468795119738,
    1.4614040695252966,
    1.4848280539278125,
    1.4702470576176878,
    1.4791927708954107,
    1.4967641820673083,
    1.4679965924044125,
    1.4604203691248034,
    1.4660487331327845,
    1.460069924104409,
    1.4647173744733217
  ],
  "val_acc": [
    33.47022587268994,
    30.80082135523614,
    34.18891170431211,
    31.1088295687885,
    34.70225872689939,
    29.62012320328542,
    30.082135523613964,
    35.677618069815196,
    22.84394250513347,
    34.5482546201232,
    21.66324435318275,
    34.3429158110883,
    37.26899383983573,
    41.17043121149897,
    45.17453798767967,
    38.860369609856264,
    53.747433264887064,
    61.75564681724846,
    42.91581108829569,
    48.97330595482546,
    60.831622176591374,
    67.65913757700206,
    71.40657084188912,
    64.83572895277207,
    56.878850102669404,
    61.90965092402464,
    70.2258726899384,
    76.23203285420945,
    60.318275154004105,
    70.07186858316221,
    67.14579055441479,
    71.91991786447639,
    69.19917864476386,
    70.12320328542094,
    72.94661190965093,
    74.89733059548254,
    75.71868583162218,
    77.97741273100615,
    77.46406570841889,
    76.33470225872689,
    76.74537987679672,
    75.51334702258727,
    75.82135523613962,
    76.48870636550308,
    77.87474332648871,
    81.72484599589322,
    79.7741273100616,
    78.18275154004107,
    77.36139630390144,
    78.08008213552361,
    76.64271047227926,
    80.08213552361396,
    78.54209445585215,
    79.46611909650925,
    79.62012320328542,
    79.7741273100616
  ],
  "lr": [
    0.0002,
    0.0002,
    0.0002,
    0.0002,
    0.0002,
    0.0002,
    0.0002,
    0.0002,
    0.0002,
    0.0002,
    0.0002,
    0.0002,
    0.0002,
    0.0002,
    0.0002,
    0.0002,
    0.0002,
    0.0002,
    0.0002,
    0.0002,
    0.0002,
    0.0002,
    0.0002,
    0.0002,
    0.0002,
    0.0002,
    0.0002,
    0.0002,
    0.0002,
    0.0002,
    0.0002,
    0.0002,
    0.0002,
    0.0002,
    0.0001,
    0.0001,
    0.0001,
    0.0001,
    0.0001,
    0.0001,
    0.0001,
    0.0001,
    0.0001,
    0.0001,
    5e-05,
    5e-05,
    5e-05,
    5e-05,
    5e-05,
    5e-05,
    5e-05,
    5e-05,
    2.5e-05,
    2.5e-05,
    2.5e-05,
    2.5e-05
  ],
  "best_val_acc": 81.72484599589322,
  "version": "v3",
  "test_acc": 82.03517587939699,
  "test_loss": 1.9830440362294515
}