{
  "train_loss": [
    2.234161620745893,
    2.148485983492898,
    2.116692425774746,
    2.0878552730943336,
    2.0847684232915036,
    2.0726918851742977,
    2.0532185015131215,
    2.054835630244896,
    2.0326506114396894,
    2.017805208925341,
    1.9876590073108673,
    1.9683697697569111,
    1.9360208022789878,
    1.9065034687519073,
    1.8866962355668428,
    1.8618072891821627,
    1.8442370026815134,
    1.7954878748440353,
    1.7669421957164515,
    1.7351131400123971,
    1.7198682368778793,
    1.7008967003861413,
    1.6769483866261654,
    1.654649269385416,
    1.6417105412874065,
    1.6311244910857716,
    1.60610545218968,
    1.6077544532838415,
    1.5985198988289129,
    1.5730444129373207,
    1.5547214819759618,
    1.5562937469756017,
    1.523027489908406,
    1.4985933196349221,
    1.4922612929930452,
    1.4607358452726582,
    1.4654933944588802,
    1.4622873155797114,
    1.4451555893069408,
    1.4070637240761616,
    1.4022040464838996,
    1.3889490356210803,
    1.3814359888678691,
    1.3709069700514684,
    1.358631880068388,
    1.3647765578305135,
    1.3451785467198638,
    1.3306294298562846,
    1.3147157411106298,
    1.3061986079470056,
    1.2956425584241993,
    1.2831950148598092,
    1.263997082094677,
    1.2742867850866475,
    1.2619177740616876,
    1.2496308938401643,
    1.2554745593520462,
    1.2530361118375277,
    1.2364448624067619,
    1.2230199316485983
  ],
  "train_acc": [
    17.989485831516863,
    17.04064623669701,
    15.655853314527503,
    15.463520964226182,
    15.912296448262598,
    15.489165277599692,
    17.835619951275806,
    17.5535325041672,
    20.784715989229387,
    23.15681497627901,
    25.7084241569432,
    27.45223746634184,
    31.491216822669575,
    35.94050519297346,
    37.427875368637004,
    40.56930375689191,
    43.441466854724965,
    47.583023464546734,
    50.12181048852417,
    53.801769457622775,
    54.263367098345945,
    55.68662649057571,
    57.25092960635979,
    58.53314527503526,
    59.69996153352994,
    61.22579817925375,
    61.725862290037185,
    61.04628798563918,
    63.14912168226696,
    63.87998461341198,
    65.76484164636491,
    66.7906141813053,
    68.80369278112579,
    70.22695217335556,
    70.17566354660853,
    71.36812411847673,
    71.48352352865751,
    71.63738940889857,
    73.76586741889986,
    74.86857289396076,
    75.21477112450314,
    75.9071675855879,
    76.15078856263624,
    76.54827541992563,
    77.49711501474548,
    77.31760482113091,
    78.53570970637261,
    78.77933068342095,
    80.17694576227721,
    79.93332478522888,
    80.79240928324144,
    82.17720220541095,
    82.81831003974868,
    83.04910886011027,
    82.88242082318246,
    84.16463649185793,
    83.57481728426721,
    83.95948198486985,
    85.4468521605334,
    85.51096294396717
  ],
  "val_loss": [
    2.062152702300275,
    2.0432927588947485,
    2.0351671957578814,
    2.0279289503566553,
    2.011164809836716,
    2.022995176862498,
    2.0388899846155137,
    2.020963143129818,
    1.9981793673312078,
    1.9903855929609204,
    1.9575649695318253,
    1.9700780989693814,
    1.9654491748966154,
    1.9011508558617263,
    1.8499134583551375,
    1.8477382992134719,
    1.8046297968411056,
    1.7882027215644962,
    1.7419117825930235,
    1.737625886182316,
    1.7547851507780983,
    1.7484238538585726,
    1.6525235586479061,
    1.6703060181414495,
    1.6430060726697329,
    1.6297673084696784,
    1.6655934619121864,
    1.6139919210652836,
    1.6625701169498632,
    1.603786720604193,
    1.653938811333453,
    1.5777472492124214,
    1.5382641671133823,
    1.520781726133628,
    1.5603981369831523,
    1.560566460499998,
    1.5849370037923094,
    1.5384793164300137,
    1.5298773030765722,
    1.5185791234501074,
    1.531341431570835,
    1.5328403730861475,
    1.5372897640603487,
    1.5226606912300236,
    1.5555890368633583,
    1.5128342010935798,
    1.5371475473779146,
    1.504721477383473,
    1.5324490480735653,
    1.5301269722766564,
    1.5385917679208223,
    1.5076641215652715,
    1.5133559918794475,
    1.5213817983377176,
    1.5098839685565135,
    1.5276321446309324,
    1.527798939923771,
    1.532260326088452,
    1.5051194448940088,
    1.511603693493077
  ],
  "val_acc": [
    23.71663244353183,
    27.874743326488705,
    17.094455852156056,
    27.053388090349078,
    28.79876796714579,
    33.41889117043121,
    27.104722792607802,
    31.31416837782341,
    31.62217659137577,
    25.102669404517453,
    37.885010266940455,
    30.595482546201232,
    43.53182751540041,
    36.39630390143737,
    42.761806981519506,
    39.784394250513344,
    37.62833675564682,
    47.997946611909654,
    52.15605749486653,
    47.02258726899384,
    46.35523613963039,
    45.27720739219713,
    62.782340862423,
    60.369609856262834,
    59.24024640657084,
    65.24640657084188,
    53.90143737166324,
    66.58110882956879,
    63.75770020533881,
    66.32443531827515,
    62.987679671457904,
    66.17043121149898,
    72.94661190965093,
    73.10061601642711,
    71.09856262833675,
    70.7905544147844,
    69.91786447638604,
    72.48459958932239,
    72.84394250513347,
    72.94661190965093,
    73.97330595482546,
    74.58932238193019,
    77.00205338809035,
    74.48665297741273,
    69.60985626283367,
    76.84804928131418,
    73.25462012320328,
    76.48870636550308,
    73.15195071868582,
    74.38398357289527,
    72.58726899383984,
    76.28336755646818,
    77.41273100616016,
    75.35934291581108,
    77.82340862422998,
    76.43737166324435,
    74.58932238193019,
    76.38603696098562,
    76.74537987679672,
    77.97741273100615
  ],
  "lr": [
    0.0003,
    0.0003,
    0.0003,
    0.0003,
    0.0003,
    0.0003,
    0.0003,
    0.0003,
    0.0003,
    0.0003,
    0.00020999999999999998,
    0.00020999999999999998,
    0.00020999999999999998,
    0.00020999999999999998,
    0.00020999999999999998,
    0.00020999999999999998,
    0.00020999999999999998,
    0.00014699999999999997,
    0.00014699999999999997,
    0.00014699999999999997,
    0.00014699999999999997,
    0.00014699999999999997,
    0.00014699999999999997,
    0.00014699999999999997,
    0.00014699999999999997,
    0.00014699999999999997,
    0.00014699999999999997,
    0.00014699999999999997,
    0.00014699999999999997,
    0.00014699999999999997,
    0.00014699999999999997,
    0.00014699999999999997,
    0.00010289999999999997,
    0.00010289999999999997,
    0.00010289999999999997,
    0.00010289999999999997,
    0.00010289999999999997,
    0.00010289999999999997,
    7.202999999999997e-05,
    7.202999999999997e-05,
    7.202999999999997e-05,
    7.202999999999997e-05,
    7.202999999999997e-05,
    7.202999999999997e-05,
    7.202999999999997e-05,
    7.202999999999997e-05,
    7.202999999999997e-05,
    5.042099999999998e-05,
    5.042099999999998e-05,
    5.042099999999998e-05,
    5.042099999999998e-05,
    3.529469999999998e-05,
    3.529469999999998e-05,
    3.529469999999998e-05,
    3.529469999999998e-05,
    3.529469999999998e-05,
    3.529469999999998e-05,
    3.529469999999998e-05,
    3.529469999999998e-05,
    2.4706289999999983e-05
  ],
  "best_val_acc": 77.97741273100615,
  "version": "v3",
  "test_acc": 77.97319932998325,
  "test_loss": 2.0447491081555684
}