{
  "train_loss": [
    1.7379003005926725,
    1.6993650168669028,
    1.674646368280786,
    1.6604064150911864,
    1.6226066355822517,
    1.5759606156192842,
    1.4698218842510318,
    1.3760561652359415,
    1.2914390378311031,
    1.2156119080352001,
    1.1400621381939435,
    1.1122005718653318,
    1.0526598552699948,
    1.0134365079832859,
    0.9648601814615921,
    0.9487597693185337,
    0.9007859779674499,
    0.885730974254061,
    0.8303511741219974,
    0.8429142912147475,
    0.7950039047931061,
    0.7938771056102925,
    0.7406712279456561,
    0.7102489208833116,
    0.7188824708344507,
    0.6768976448134321,
    0.6563822544622616,
    0.657628066898858,
    0.6242610632029714,
    0.6010866609142452,
    0.5828824265569937,
    0.5624917273516538,
    0.5471397477095244,
    0.5332539783882313,
    0.49473700574675544,
    0.4939786306292307,
    0.4937538103063087,
    0.5042451170624279,
    0.46282850288343236,
    0.44944695969585513
  ],
  "train_acc": [
    26.400820618027954,
    30.26028978074112,
    32.093858186947045,
    35.491729708937044,
    37.23554301833568,
    40.877035517374026,
    46.71111680984742,
    54.430055135273754,
    58.25105782792666,
    60.31542505449416,
    63.87998461341198,
    65.11091165534043,
    67.53429926913707,
    69.21400179510194,
    70.80394922425953,
    71.25272470829593,
    72.85549429414027,
    72.38107449673035,
    74.44544172329786,
    74.45826387998461,
    75.7661238620336,
    75.9328118989614,
    76.9842287472753,
    77.522759328119,
    77.98435696884216,
    78.30491088601103,
    78.6511091165534,
    79.68970380818054,
    79.59994871137326,
    80.95909732016925,
    81.43351711757917,
    81.89511475830234,
    81.80535966149506,
    82.25413514553148,
    83.53635081420695,
    83.36966277727913,
    82.93370944992948,
    83.30555199384537,
    83.75432747788177,
    85.06218745993075
  ],
  "val_loss": [
    1.6898052633785812,
    1.6825912135546324,
    1.6729048705491862,
    1.6583131356317489,
    1.6535992544205462,
    1.5627440390039662,
    1.4554455045793877,
    1.3618033078850293,
    1.2657064697781548,
    1.116026520729065,
    1.1285657755664138,
    1.027848195834238,
    1.0745452163649387,
    1.0928927611132138,
    1.0527650557580541,
    0.9446735797358341,
    1.035656235257133,
    1.0252444079664886,
    0.974646763234842,
    0.9285670597045148,
    0.9542808080794382,
    1.067202270519538,
    1.059662226770745,
    0.9913232013827464,
    1.0532503250192424,
    0.9534055683456484,
    1.0271447501221642,
    0.9272307338284664,
    0.963928111263963,
    1.0062577573002363,
    0.9318624260972758,
    1.038635950596606,
    1.2170112777928837,
    0.9683880102439005,
    1.0398846737674026,
    1.1663554003004168,
    1.0847538607042344,
    0.9470681186582222,
    1.0700207767916508,
    1.0170599029200975
  ],
  "val_acc": [
    42.14579055441479,
    43.78850102669404,
    41.37577002053388,
    46.50924024640657,
    40.24640657084189,
    41.73511293634497,
    57.49486652977413,
    48.71663244353183,
    52.82340862422998,
    59.5482546201232,
    65.29774127310061,
    65.34907597535934,
    70.68788501026694,
    68.01848049281314,
    64.42505133470226,
    71.91991786447639,
    70.63655030800821,
    73.25462012320328,
    65.65708418891171,
    71.86858316221766,
    75.10266940451746,
    73.56262833675565,
    76.18069815195072,
    76.79671457905545,
    76.28336755646818,
    73.870636550308,
    76.129363449692,
    70.48254620123203,
    74.58932238193019,
    77.1047227926078,
    72.68993839835728,
    72.63860369609856,
    69.86652977412732,
    76.95071868583162,
    75.05133470225873,
    75.71868583162218,
    73.20328542094455,
    75.15400410677618,
    74.48665297741273,
    73.97330595482546
  ],
  "lr": [
    0.0001,
    0.0001,
    0.0001,
    0.0001,
    0.0001,
    0.0001,
    0.0001,
    0.0001,
    0.0001,
    0.0001,
    0.0001,
    0.0001,
    0.0001,
    0.0001,
    0.0001,
    0.0001,
    0.0001,
    0.0001,
    0.0001,
    0.0001,
    0.0001,
    0.0001,
    0.0001,
    0.0001,
    0.0001,
    0.0001,
    0.0001,
    0.0001,
    0.0001,
    0.0001,
    0.0001,
    0.0001,
    0.0001,
    0.0001,
    0.0001,
    0.0001,
    0.0001,
    0.0001,
    0.0001,
    0.0001
  ],
  "best_val_acc": 77.1047227926078,
  "version": "v2",
  "test_acc": 77.38693467336684,
  "test_loss": 0.6806045339504878
}