{
  "train_loss": [
    1.7383138433048622,
    1.596062831003658,
    1.4890778058707113,
    1.406998382473634,
    1.3245415017259643,
    1.2697283873453686,
    1.2323684280970282,
    1.190692135982642,
    1.1627872040376117,
    1.1211242585471182,
    1.105254028582011,
    1.0829870063648481,
    1.062654174437828,
    1.0543711084107357,
    1.0262091712718862,
    0.9956354998578929,
    0.9944722489375458,
    0.9585631972912586,
    0.9674546492822242,
    0.9402551921429457,
    0.9277509522658808,
    0.9119695754163595,
    0.9170424264890177,
    0.8918580657705314,
    0.8789006933218703,
    0.8865874239089915,
    0.8669443152067235,
    0.8445132960273762,
    0.8389630982470432,
    0.8360439343283875,
    0.8137290591643715,
    0.8138785007525775,
    0.8156086181851749,
    0.8025865260800127,
    0.7958230859402454,
    0.7845949027875457,
    0.7707855871028771,
    0.7881064865524922,
    0.7531752177460828,
    0.7589820709192392,
    0.7321784727601491,
    0.7452211147205596,
    0.735228306767515,
    0.7229882912202314,
    0.7085573867916659,
    0.703808096071285,
    0.6975977291613316
  ],
  "train_acc": [
    25.568540745420087,
    36.802484733628134,
    43.6144451463466,
    47.36786691935144,
    50.77911139187197,
    52.074120867551066,
    54.21141292903769,
    54.990524320909664,
    56.432933249105076,
    57.04885238997684,
    58.23857654242998,
    58.980838071172876,
    59.54937881659297,
    60.0389555695936,
    60.98652347862708,
    61.33396504527269,
    61.75510633817646,
    63.086965676984626,
    62.37102547904822,
    63.53969256685618,
    63.90819119814698,
    64.31353969256686,
    64.40829648347021,
    65.21372920614866,
    65.55064224047167,
    65.55590650663298,
    66.09286165508529,
    66.56138134344073,
    66.44556748789219,
    67.16677195198989,
    67.54579911560329,
    67.41419246157086,
    67.5142135186355,
    68.48283849231417,
    68.6091808801853,
    68.70393767108865,
    69.24089281954096,
    68.91450831754054,
    69.42514213518635,
    69.76731943567067,
    70.19372499473573,
    69.94104021899348,
    70.7991156032849,
    70.68856601389766,
    71.7098336491893,
    71.86776163402821,
    71.67298378606023
  ],
  "val_loss": [
    1.637845555407889,
    1.5797915786704761,
    1.3932057515086744,
    1.3743285816787874,
    1.5451671221112244,
    1.2437395509457427,
    1.1720849775627955,
    1.160724699497223,
    1.149620720604122,
    1.0739440753955969,
    1.0986141522458737,
    1.1101905475526848,
    1.0223890742999595,
    1.022720978564064,
    1.0428519000943075,
    1.1219886185338832,
    1.0644038295585838,
    1.0911663294638563,
    1.026199485631597,
    1.0721793130740223,
    0.997219015687904,
    0.9511355395685106,
    0.9763216424308367,
    0.9791658228675791,
    1.014841941179045,
    0.9878058265519623,
    0.9444408440749917,
    0.9569273275016938,
    1.070797815618899,
    0.9860485690152085,
    0.9717215229600868,
    1.0847044897159475,
    1.0849195792771025,
    1.1880779390367084,
    1.0070260041112067,
    1.025353058872607,
    1.0381599588682187,
    0.9936656399861278,
    1.0291925948738252,
    1.0258035839804067,
    0.9904757856122599,
    1.0165913281024703,
    1.1273550421199543,
    1.0275935854687788,
    1.0799816294804516,
    0.9987178512867665,
    1.0511092057564115
  ],
  "val_acc": [
    34.6882898062342,
    43.17607413647852,
    45.66133108677338,
    48.60994102780118,
    38.942712721145746,
    54.17017691659646,
    55.054759898904805,
    55.054759898904805,
    52.63268744734625,
    60.888795282224095,
    56.86604886267902,
    55.791912384161755,
    61.836562763268745,
    61.078348778433025,
    59.793597304128056,
    59.45661331086773,
    58.88795282224094,
    62.784330244313395,
    61.478517270429656,
    62.973883740522325,
    64.95366470092671,
    64.86941870261163,
    65.24852569502949,
    64.21651221566975,
    63.521482729570344,
    61.96293176074136,
    64.2586352148273,
    64.21651221566975,
    65.98567818028644,
    65.92249368155012,
    66.55433866891323,
    63.43723673125527,
    63.79528222409436,
    56.86604886267902,
    63.98483572030329,
    65.90143218197136,
    67.58635214827295,
    66.82813816343723,
    66.575400168492,
    67.08087615838248,
    65.75400168491997,
    65.9435551811289,
    64.93260320134793,
    67.14406065711879,
    58.74052232518955,
    66.70176916596462,
    65.98567818028644
  ],
  "lr": [
    0.0001,
    0.0001,
    0.0001,
    0.0001,
    0.0001,
    0.0001,
    0.0001,
    0.0001,
    0.0001,
    0.0001,
    0.0001,
    0.0001,
    0.0001,
    0.0001,
    0.0001,
    0.0001,
    0.0001,
    0.0001,
    0.0001,
    0.0001,
    0.0001,
    0.0001,
    0.0001,
    0.0001,
    0.0001,
    0.0001,
    0.0001,
    0.0001,
    0.0001,
    0.0001,
    0.0001,
    0.0001,
    0.0001,
    0.0001,
    0.0001,
    0.0001,
    0.0001,
    0.0001,
    0.0001,
    0.0001,
    0.0001,
    0.0001,
    0.0001,
    0.0001,
    0.0001,
    0.0001,
    0.0001
  ],
  "best_val_acc": 67.58635214827295,
  "version": "v2",
  "test_acc": 67.72077375946174,
  "test_loss": 0.8560529378072549
}