{
  "train_loss": [
    1.757280338492859,
    1.6447893272746692,
    1.525404534958027,
    1.4366009523370853,
    1.3619461289359263,
    1.3010506911911948,
    1.2476751143081422,
    1.2123468326599107,
    1.1735795543651388,
    1.1501085465203231,
    1.123730405011161,
    1.1009785322227863,
    1.0728581679188443,
    1.0466491776684719,
    1.0375313766877658,
    1.010784323317836,
    0.9972126885295316,
    0.9856137789359398,
    0.9709629048201371,
    0.9621574409080275,
    0.9432415666202905,
    0.9260843468434883,
    0.9138895229558752,
    0.904119290336214,
    0.8860836546328734,
    0.8813625208857886,
    0.8727090449044199,
    0.846320558075953,
    0.8551725355362652,
    0.8360260785228074,
    0.8226996622101627,
    0.8254319128865746,
    0.8122410255449789,
    0.8011035075292041,
    0.799731415630591,
    0.7739579423208429,
    0.7808537525360031,
    0.7777386938883399,
    0.7761188497145971,
    0.7602216132261135,
    0.7394961687149825,
    0.737961862725441,
    0.7299552313005081,
    0.7175770729077785,
    0.7282030416859521,
    0.7191807397888967,
    0.6895099247144127,
    0.7040751227224716,
    0.6903140759126907,
    0.692998969996417,
    0.6761576539087376,
    0.6852406764070594,
    0.6735777259625569,
    0.662754410996983,
    0.6640226372614854,
    0.6305760712886499,
    0.6466536724607551,
    0.6250362460209866,
    0.6216354977954116,
    0.6173352332729282
  ],
  "train_acc": [
    24.41040218993472,
    33.917666877237316,
    41.7930090545378,
    44.54095599073489,
    48.80501158138556,
    50.684354600968625,
    52.863760791745634,
    53.93767108865024,
    55.35902295220046,
    56.39608338597599,
    57.691092861655086,
    58.30701200252685,
    59.19140871762476,
    60.044219835754895,
    60.065276900400086,
    60.575910718045904,
    61.81301326595073,
    62.13413350178985,
    62.57106759317751,
    62.807959570435884,
    63.62918509159823,
    64.00821225521162,
    64.33459675721204,
    64.6083385975995,
    65.35586439250369,
    65.60854916824594,
    65.71383449147189,
    66.424510423247,
    66.56138134344073,
    66.78248052221521,
    67.26679300905454,
    67.3194356706675,
    67.72478416508739,
    68.26173931353969,
    68.47230995999158,
    69.55674878921879,
    68.81975152663719,
    68.9776795114761,
    69.32512107812171,
    69.77784796799327,
    70.41482417351021,
    70.50431669825227,
    70.88860812802696,
    71.43609180880185,
    71.00442198357548,
    71.62560539060856,
    72.06253948199621,
    71.83091177089914,
    72.57317329964204,
    72.34680985470625,
    72.84691514002948,
    72.77321541377133,
    73.07327858496525,
    73.69972625815961,
    74.00505369551485,
    74.273531269741,
    74.06296062328911,
    74.93682880606444,
    75.32112023583912,
    75.20004211412929
  ],
  "val_loss": [
    1.6990672685955994,
    1.6109831805197186,
    1.4121482644305132,
    1.5434086050763227,
    1.2461363301181154,
    1.2980923392628663,
    1.1912738224804,
    1.1368906405948151,
    1.1526801118114651,
    1.0578657848722983,
    1.1786401167811964,
    1.1341705230258454,
    1.0723340487320152,
    1.0911123972611139,
    1.1050683255963678,
    1.0853971750944253,
    1.0674239371046923,
    0.99826133531212,
    0.9999724206508406,
    1.024713616643176,
    0.9885686763981044,
    0.9830366259053249,
    1.0105751706849808,
    1.053592691885545,
    0.9879671241213012,
    0.9804681723549862,
    0.9659513695128013,
    1.014657148578823,
    1.0993512350840857,
    1.1355281270190374,
    0.9766675781883649,
    0.9672156158309655,
    0.9909666394627334,
    0.980258438411175,
    0.9487064126753967,
    0.9779574827059804,
    1.3443761737954696,
    1.0152979071108288,
    1.1023805841503527,
    0.9624691315545332,
    1.0612271734132062,
    1.0827597781715776,
    1.1086069145458657,
    1.0346006945075605,
    0.9401192159060664,
    0.9477936871499824,
    1.04042243437479,
    1.0133560869917773,
    1.022515133523301,
    1.0304873281677298,
    1.1113875534310438,
    1.0636329276849759,
    1.0802902801324856,
    1.0278316614211807,
    1.0205295723956704,
    1.145884000815001,
    0.9931062777970461,
    1.1216379616084515,
    1.035488286074376,
    0.9922095949217777
  ],
  "val_acc": [
    34.83572030328559,
    39.97472620050548,
    46.46166807076664,
    39.02695871946082,
    54.12805391743892,
    54.57034540859309,
    53.41196293176074,
    55.6866048862679,
    59.014321819713565,
    60.23588879528222,
    57.98230834035383,
    59.540859309182814,
    58.803706823925864,
    57.118786857624265,
    59.6251053074979,
    63.81634372367313,
    61.5838247683235,
    61.078348778433025,
    63.163437236731255,
    63.01600673967987,
    63.4793597304128,
    64.70092670598146,
    62.026116259477675,
    60.80454928390901,
    62.93176074136478,
    64.17438921651221,
    64.23757371524853,
    65.83824768323505,
    64.0480202190396,
    61.75231676495366,
    67.27042965459141,
    67.77590564448188,
    64.13226621735467,
    65.5223251895535,
    68.28138163437237,
    66.51221566975569,
    49.43133951137321,
    66.49115417017691,
    61.75231676495366,
    67.73378264532435,
    64.86941870261163,
    68.21819713563606,
    64.36394271272114,
    65.69081718618365,
    68.61836562763268,
    67.88121314237574,
    64.65880370682393,
    68.93428812131424,
    65.81718618365628,
    64.93260320134793,
    68.34456613310867,
    63.352990732940185,
    63.6267902274642,
    67.03875315922494,
    66.61752316764954,
    66.34372367312552,
    69.52401010951979,
    70.19797809604044,
    69.06065711878686,
    67.08087615838248
  ],
  "lr": [
    0.0001,
    0.0001,
    0.0001,
    0.0001,
    0.0001,
    0.0001,
    0.0001,
    0.0001,
    0.0001,
    0.0001,
    0.0001,
    0.0001,
    0.0001,
    0.0001,
    0.0001,
    0.0001,
    0.0001,
    0.0001,
    0.0001,
    0.0001,
    0.0001,
    0.0001,
    0.0001,
    0.0001,
    0.0001,
    0.0001,
    0.0001,
    0.0001,
    0.0001,
    0.0001,
    0.0001,
    0.0001,
    0.0001,
    0.0001,
    0.0001,
    0.0001,
    0.0001,
    0.0001,
    0.0001,
    0.0001,
    0.0001,
    0.0001,
    0.0001,
    0.0001,
    0.0001,
    0.0001,
    0.0001,
    0.0001,
    0.0001,
    0.0001,
    0.0001,
    0.0001,
    0.0001,
    0.0001,
    0.0001,
    0.0001,
    0.0001,
    0.0001,
    0.0001,
    0.0001
  ],
  "best_val_acc": 70.19797809604044,
  "version": "v2",
  "test_acc": 68.67956265769554,
  "test_loss": 0.8677845729454872
}