{
  "train_loss": [
    1.805388983644423,
    1.7722094210444903,
    1.7580840734184766,
    1.7315431764868439,
    1.6715477108955383,
    1.5943360831893858,
    1.5119031188917942,
    1.4434759616851807,
    1.3935883870867432,
    1.3619708868323779,
    1.320079438999051,
    1.2971002933431843,
    1.2749743676576457,
    1.2581762984150746,
    1.243993904258384,
    1.220570858384742,
    1.2095164681067232,
    1.1934384266372586,
    1.1825713976973393,
    1.1660880233909263,
    1.1483741888745886,
    1.152392217858893,
    1.0877775691571783,
    1.0903555604278063,
    1.0679195200810667,
    1.0574037269002101,
    1.0550809209464027,
    1.0568092846479573,
    1.0389085192172254,
    1.0260966627812775,
    1.0242064951873215,
    0.9854232720175727,
    0.9682527983286342,
    0.9706991412600533,
    0.967458894751111,
    0.9575169868156558,
    0.9388852705720996,
    0.9330738519058853,
    0.9319061475699065,
    0.9218222391409953,
    0.9185831155933317,
    0.9179446570208816,
    0.9310420724700709,
    0.9081319526570742,
    0.8825211534734632,
    0.8783371553557818,
    0.8715128165776612,
    0.8695536705314136
  ],
  "train_acc": [
    45.35196820105142,
    47.23682523400436,
    48.22413129888447,
    49.352481087318885,
    53.340171816899606,
    56.90473137581741,
    62.14899346070009,
    64.99551224515963,
    67.66252083600462,
    69.26529042184896,
    71.94512116938068,
    72.45800743685088,
    73.56071291191178,
    74.20182074624952,
    75.44556994486473,
    76.0482113091422,
    76.4456981664316,
    76.71496345685344,
    77.50993717143224,
    78.15104500576997,
    78.84344146685473,
    79.0485959738428,
    82.15155789203745,
    81.72842672137453,
    82.42082318245929,
    83.17733042697782,
    83.43377356071291,
    82.80548788306193,
    83.72868316450827,
    84.67752275932811,
    84.42107962559302,
    85.97256058469034,
    86.79317861264265,
    86.31875881523273,
    86.76753429926914,
    86.9214001795102,
    88.01128349788435,
    88.3061931016797,
    88.06257212463136,
    88.71650211565586,
    88.49852545198102,
    88.89601230927042,
    88.40877035517374,
    89.13963328631876,
    90.43467111168098,
    90.44749326836774,
    90.80651365559687,
    90.52442620848826
  ],
  "val_loss": [
    1.7465057588014445,
    1.7418777884029952,
    1.7151499556713417,
    1.6690549400986219,
    1.6289027303945822,
    1.6231960214552332,
    1.5551969321047674,
    1.524377781836713,
    1.3403158441918794,
    1.2825557501589666,
    1.2679147661709396,
    1.5089578589455026,
    1.2665729581332597,
    1.3160993056219132,
    1.2631784521165441,
    1.1957569102771948,
    1.1801306077691376,
    1.1843447401875355,
    1.3354105597636738,
    1.1646085498762913,
    1.1499994328764618,
    1.221218774553205,
    1.1097340144094874,
    1.1375377832866105,
    1.0869957667882326,
    1.1246020012214535,
    1.1038786915482068,
    1.1682675607868882,
    1.1285594398858116,
    1.1348665532518605,
    1.1920300585324648,
    1.0930994856553,
    1.0680936614020926,
    1.0890330711349112,
    1.0893175738756773,
    1.0989925275083448,
    1.0652668055940846,
    1.066440209990642,
    1.0821289117219017,
    1.054897831111658,
    1.0841432663260913,
    1.1080698068024681,
    1.0771635927137782,
    1.090590642123926,
    1.068354091683372,
    1.0703711920097225,
    1.0898341546293164,
    1.0690684807105142
  ],
  "val_acc": [
    50.7700205338809,
    50.667351129363446,
    49.332648870636554,
    55.3388090349076,
    52.72073921971253,
    59.70225872689939,
    51.28336755646817,
    54.51745379876797,
    69.25051334702259,
    72.94661190965093,
    71.66324435318275,
    56.1088295687885,
    73.10061601642711,
    71.91991786447639,
    73.81930184804928,
    78.49075975359342,
    76.84804928131418,
    76.79671457905545,
    65.29774127310061,
    77.20739219712526,
    77.87474332648871,
    75.77002053388091,
    79.87679671457906,
    77.97741273100615,
    81.21149897330595,
    77.97741273100615,
    80.49281314168378,
    77.61806981519507,
    80.9034907597536,
    79.67145790554414,
    74.12731006160165,
    80.59548254620123,
    81.72484599589322,
    82.18685831622176,
    81.36550308008214,
    80.74948665297741,
    82.39219712525667,
    83.0082135523614,
    81.67351129363449,
    82.70020533880904,
    82.85420944558521,
    81.36550308008214,
    82.80287474332648,
    79.87679671457906,
    82.13552361396304,
    82.39219712525667,
    81.93018480492813,
    82.85420944558521
  ],
  "lr": [
    0.00015,
    0.00015,
    0.00015,
    0.00015,
    0.00015,
    0.00015,
    0.00015,
    0.00015,
    0.00015,
    0.00015,
    0.00015,
    0.00015,
    0.00015,
    0.00015,
    0.00015,
    0.00015,
    0.00015,
    0.00015,
    0.00015,
    0.00015,
    0.00015,
    0.00015,
    7.5e-05,
    7.5e-05,
    7.5e-05,
    7.5e-05,
    7.5e-05,
    7.5e-05,
    7.5e-05,
    7.5e-05,
    7.5e-05,
    3.75e-05,
    3.75e-05,
    3.75e-05,
    3.75e-05,
    3.75e-05,
    3.75e-05,
    3.75e-05,
    3.75e-05,
    3.75e-05,
    3.75e-05,
    3.75e-05,
    3.75e-05,
    3.75e-05,
    1.875e-05,
    1.875e-05,
    1.875e-05,
    1.875e-05
  ],
  "best_val_acc": 83.0082135523614,
  "version": "v2",
  "test_acc": 83.33333333333333,
  "test_loss": 1.048931632041931
}